artist_id,artist_name,territory,momentum_score,territory_fit_score,cross_platform_score,narrative_resonance_score,risk_flag_score,audience_fit_beverages,audience_fit_fashion,audience_fit_tech,audience_fit_sport,audience_fit_finance,week_date
ART_001,Peso Pluma,MX,50.74,100.0,97.12,97.69,0.0,67.5,62.5,100.0,72.5,57.5,2026-04-04
ART_001,Peso Pluma,CO,24.85,0.0,97.12,97.69,0.0,67.5,62.5,100.0,72.5,57.5,2026-04-04
ART_001,Peso Pluma,AR,24.85,0.0,97.12,97.69,0.0,67.5,62.5,100.0,72.5,57.5,2026-04-04
ART_001,Peso Pluma,BR,24.85,0.0,97.12,97.69,0.0,67.5,62.5,100.0,72.5,57.5,2026-04-04
ART_001,Peso Pluma,ES,24.85,0.0,97.12,97.69,0.0,67.5,62.5,100.0,72.5,57.5,2026-04-04
ART_001,Peso Pluma,CL,24.85,0.0,97.12,97.69,0.0,67.5,62.5,100.0,72.5,57.5,2026-04-04
ART_001,Peso Pluma,PE,24.85,0.0,97.12,97.69,0.0,67.5,62.5,100.0,72.5,57.5,2026-04-04
ART_001,Peso Pluma,US-Latin,24.85,0.0,97.12,97.69,0.0,67.5,62.5,100.0,72.5,57.5,2026-04-04
ART_002,Bad Bunny,MX,45.1,64.07,92.12,77.08,0.0,72.5,80.0,72.0,72.5,57.5,2026-04-04
ART_002,Bad Bunny,CO,21.29,0.0,92.12,77.08,0.0,72.5,80.0,72.0,72.5,57.5,2026-04-04
ART_002,Bad Bunny,AR,43.67,16.36,92.12,77.08,0.0,72.5,80.0,72.0,72.5,57.5,2026-04-04
ART_002,Bad Bunny,BR,21.29,0.0,92.12,77.08,0.0,72.5,80.0,72.0,72.5,57.5,2026-04-04
ART_002,Bad Bunny,ES,48.99,19.57,92.12,77.08,0.0,72.5,80.0,72.0,72.5,57.5,2026-04-04
ART_002,Bad Bunny,CL,21.29,0.0,92.12,77.08,0.0,72.5,80.0,72.0,72.5,57.5,2026-04-04
ART_002,Bad Bunny,PE,21.29,0.0,92.12,77.08,0.0,72.5,80.0,72.0,72.5,57.5,2026-04-04
ART_002,Bad Bunny,US-Latin,21.29,0.0,92.12,77.08,0.0,72.5,80.0,72.0,72.5,57.5,2026-04-04
ART_003,Fuerza Regida,MX,40.96,86.5,93.46,86.69,0.0,67.5,62.0,100.0,72.5,57.5,2026-04-04
ART_003,Fuerza Regida,CO,41.4,13.5,93.46,86.69,0.0,67.5,62.0,100.0,72.5,57.5,2026-04-04
ART_003,Fuerza Regida,AR,19.2,0.0,93.46,86.69,0.0,67.5,62.0,100.0,72.5,57.5,2026-04-04
ART_003,Fuerza Regida,BR,19.2,0.0,93.46,86.69,0.0,67.5,62.0,100.0,72.5,57.5,2026-04-04
ART_003,Fuerza Regida,ES,19.2,0.0,93.46,86.69,0.0,67.5,62.0,100.0,72.5,57.5,2026-04-04
ART_003,Fuerza Regida,CL,19.2,0.0,93.46,86.69,0.0,67.5,62.0,100.0,72.5,57.5,2026-04-04
ART_003,Fuerza Regida,PE,19.2,0.0,93.46,86.69,0.0,67.5,62.0,100.0,72.5,57.5,2026-04-04
ART_003,Fuerza Regida,US-Latin,19.2,0.0,93.46,86.69,0.0,67.5,62.0,100.0,72.5,57.5,2026-04-04
ART_004,Karol G,MX,20.89,0.0,96.92,89.0,0.0,42.5,50.0,41.5,47.5,47.5,2026-04-04
ART_004,Karol G,CO,20.89,0.0,96.92,89.0,0.0,42.5,50.0,41.5,47.5,47.5,2026-04-04
ART_004,Karol G,AR,20.89,0.0,96.92,89.0,0.0,42.5,50.0,41.5,47.5,47.5,2026-04-04
ART_004,Karol G,BR,20.89,0.0,96.92,89.0,0.0,42.5,50.0,41.5,47.5,47.5,2026-04-04
ART_004,Karol G,ES,20.89,0.0,96.92,89.0,0.0,42.5,50.0,41.5,47.5,47.5,2026-04-04
ART_004,Karol G,CL,20.89,0.0,96.92,89.0,0.0,42.5,50.0,41.5,47.5,47.5,2026-04-04
ART_004,Karol G,PE,20.89,0.0,96.92,89.0,0.0,42.5,50.0,41.5,47.5,47.5,2026-04-04
ART_004,Karol G,US-Latin,20.89,0.0,96.92,89.0,0.0,42.5,50.0,41.5,47.5,47.5,2026-04-04
ART_005,J Balvin,MX,22.97,0.0,94.42,73.69,20.0,40.45,46.5,48.5,47.5,47.5,2026-04-04
ART_005,J Balvin,CO,22.97,0.0,94.42,73.69,20.0,40.45,46.5,48.5,47.5,47.5,2026-04-04
ART_005,J Balvin,AR,22.97,0.0,94.42,73.69,20.0,40.45,46.5,48.5,47.5,47.5,2026-04-04
ART_005,J Balvin,BR,22.97,0.0,94.42,73.69,20.0,40.45,46.5,48.5,47.5,47.5,2026-04-04
ART_005,J Balvin,ES,22.97,0.0,94.42,73.69,20.0,40.45,46.5,48.5,47.5,47.5,2026-04-04
ART_005,J Balvin,CL,22.97,0.0,94.42,73.69,20.0,40.45,46.5,48.5,47.5,47.5,2026-04-04
ART_005,J Balvin,PE,22.97,0.0,94.42,73.69,20.0,40.45,46.5,48.5,47.5,47.5,2026-04-04
ART_005,J Balvin,US-Latin,22.97,0.0,94.42,73.69,20.0,40.45,46.5,48.5,47.5,47.5,2026-04-04
ART_006,Beéle,MX,20.16,0.0,92.69,58.08,0.0,42.5,50.0,40.0,47.5,47.5,2026-04-04
ART_006,Beéle,CO,43.82,41.5,92.69,58.08,0.0,42.5,50.0,40.0,47.5,47.5,2026-04-04
ART_006,Beéle,AR,20.16,0.0,92.69,58.08,0.0,42.5,50.0,40.0,47.5,47.5,2026-04-04
ART_006,Beéle,BR,20.16,0.0,92.69,58.08,0.0,42.5,50.0,40.0,47.5,47.5,2026-04-04
ART_006,Beéle,ES,49.1,58.5,92.69,58.08,0.0,42.5,50.0,40.0,47.5,47.5,2026-04-04
ART_006,Beéle,CL,20.16,0.0,92.69,58.08,0.0,42.5,50.0,40.0,47.5,47.5,2026-04-04
ART_006,Beéle,PE,20.16,0.0,92.69,58.08,0.0,42.5,50.0,40.0,47.5,47.5,2026-04-04
ART_006,Beéle,US-Latin,20.16,0.0,92.69,58.08,0.0,42.5,50.0,40.0,47.5,47.5,2026-04-04
ART_007,Ryan Castro,MX,18.22,0.0,93.65,17.92,0.0,42.5,50.0,42.0,47.5,47.5,2026-04-04
ART_007,Ryan Castro,CO,44.17,29.16,93.65,17.92,0.0,42.5,50.0,42.0,47.5,47.5,2026-04-04
ART_007,Ryan Castro,AR,40.62,34.25,93.65,17.92,0.0,42.5,50.0,42.0,47.5,47.5,2026-04-04
ART_007,Ryan Castro,BR,18.22,0.0,93.65,17.92,0.0,42.5,50.0,42.0,47.5,47.5,2026-04-04
ART_007,Ryan Castro,ES,42.96,36.59,93.65,17.92,0.0,42.5,50.0,42.0,47.5,47.5,2026-04-04
ART_007,Ryan Castro,CL,18.22,0.0,93.65,17.92,0.0,42.5,50.0,42.0,47.5,47.5,2026-04-04
ART_007,Ryan Castro,PE,18.22,0.0,93.65,17.92,0.0,42.5,50.0,42.0,47.5,47.5,2026-04-04
ART_007,Ryan Castro,US-Latin,18.22,0.0,93.65,17.92,0.0,42.5,50.0,42.0,47.5,47.5,2026-04-04
ART_008,Tito Double P,MX,42.56,100.0,90.77,63.38,0.0,67.5,65.0,100.0,72.5,57.5,2026-04-04
ART_008,Tito Double P,CO,19.14,0.0,90.77,63.38,0.0,67.5,65.0,100.0,72.5,57.5,2026-04-04
ART_008,Tito Double P,AR,19.14,0.0,90.77,63.38,0.0,67.5,65.0,100.0,72.5,57.5,2026-04-04
ART_008,Tito Double P,BR,19.14,0.0,90.77,63.38,0.0,67.5,65.0,100.0,72.5,57.5,2026-04-04
ART_008,Tito Double P,ES,19.14,0.0,90.77,63.38,0.0,67.5,65.0,100.0,72.5,57.5,2026-04-04
ART_008,Tito Double P,CL,19.14,0.0,90.77,63.38,0.0,67.5,65.0,100.0,72.5,57.5,2026-04-04
ART_008,Tito Double P,PE,19.14,0.0,90.77,63.38,0.0,67.5,65.0,100.0,72.5,57.5,2026-04-04
ART_008,Tito Double P,US-Latin,19.14,0.0,90.77,63.38,0.0,67.5,65.0,100.0,72.5,57.5,2026-04-04
ART_009,Junior H,MX,40.51,100.0,91.35,59.15,0.0,67.5,67.0,100.0,72.5,57.5,2026-04-04
ART_009,Junior H,CO,16.93,0.0,91.35,59.15,0.0,67.5,67.0,100.0,72.5,57.5,2026-04-04
ART_009,Junior H,AR,16.93,0.0,91.35,59.15,0.0,67.5,67.0,100.0,72.5,57.5,2026-04-04
ART_009,Junior H,BR,16.93,0.0,91.35,59.15,0.0,67.5,67.0,100.0,72.5,57.5,2026-04-04
ART_009,Junior H,ES,16.93,0.0,91.35,59.15,0.0,67.5,67.0,100.0,72.5,57.5,2026-04-04
ART_009,Junior H,CL,16.93,0.0,91.35,59.15,0.0,67.5,67.0,100.0,72.5,57.5,2026-04-04
ART_009,Junior H,PE,16.93,0.0,91.35,59.15,0.0,67.5,67.0,100.0,72.5,57.5,2026-04-04
ART_009,Junior H,US-Latin,16.93,0.0,91.35,59.15,0.0,67.5,67.0,100.0,72.5,57.5,2026-04-04
ART_010,El Bogueto,MX,40.76,77.67,92.12,45.46,0.0,70.0,65.0,87.5,72.5,72.5,2026-04-04
ART_010,El Bogueto,CO,16.29,0.0,92.12,45.46,0.0,70.0,65.0,87.5,72.5,72.5,2026-04-04
ART_010,El Bogueto,AR,38.96,22.33,92.12,45.46,0.0,70.0,65.0,87.5,72.5,72.5,2026-04-04
ART_010,El Bogueto,BR,16.29,0.0,92.12,45.46,0.0,70.0,65.0,87.5,72.5,72.5,2026-04-04
ART_010,El Bogueto,ES,16.29,0.0,92.12,45.46,0.0,70.0,65.0,87.5,72.5,72.5,2026-04-04
ART_010,El Bogueto,CL,16.29,0.0,92.12,45.46,0.0,70.0,65.0,87.5,72.5,72.5,2026-04-04
ART_010,El Bogueto,PE,16.29,0.0,92.12,45.46,0.0,70.0,65.0,87.5,72.5,72.5,2026-04-04
ART_010,El Bogueto,US-Latin,16.29,0.0,92.12,45.46,0.0,70.0,65.0,87.5,72.5,72.5,2026-04-04
ART_011,Bizarrap,MX,15.82,0.0,93.65,57.38,0.0,76.6,70.0,85.0,70.0,67.5,2026-04-04
ART_011,Bizarrap,CO,15.82,0.0,93.65,57.38,0.0,76.6,70.0,85.0,70.0,67.5,2026-04-04
ART_011,Bizarrap,AR,15.82,0.0,93.65,57.38,0.0,76.6,70.0,85.0,70.0,67.5,2026-04-04
ART_011,Bizarrap,BR,15.82,0.0,93.65,57.38,0.0,76.6,70.0,85.0,70.0,67.5,2026-04-04
ART_011,Bizarrap,ES,15.82,0.0,93.65,57.38,0.0,76.6,70.0,85.0,70.0,67.5,2026-04-04
ART_011,Bizarrap,CL,15.82,0.0,93.65,57.38,0.0,76.6,70.0,85.0,70.0,67.5,2026-04-04
ART_011,Bizarrap,PE,15.82,0.0,93.65,57.38,0.0,76.6,70.0,85.0,70.0,67.5,2026-04-04
ART_011,Bizarrap,US-Latin,15.82,0.0,93.65,57.38,0.0,76.6,70.0,85.0,70.0,67.5,2026-04-04
ART_012,Blessd,MX,17.61,0.0,91.54,51.85,0.0,72.5,75.5,79.5,72.5,57.5,2026-04-04
ART_012,Blessd,CO,41.51,100.0,91.54,51.85,0.0,72.5,75.5,79.5,72.5,57.5,2026-04-04
ART_012,Blessd,AR,17.61,0.0,91.54,51.85,0.0,72.5,75.5,79.5,72.5,57.5,2026-04-04
ART_012,Blessd,BR,17.61,0.0,91.54,51.85,0.0,72.5,75.5,79.5,72.5,57.5,2026-04-04
ART_012,Blessd,ES,17.61,0.0,91.54,51.85,0.0,72.5,75.5,79.5,72.5,57.5,2026-04-04
ART_012,Blessd,CL,17.61,0.0,91.54,51.85,0.0,72.5,75.5,79.5,72.5,57.5,2026-04-04
ART_012,Blessd,PE,17.61,0.0,91.54,51.85,0.0,72.5,75.5,79.5,72.5,57.5,2026-04-04
ART_012,Blessd,US-Latin,17.61,0.0,91.54,51.85,0.0,72.5,75.5,79.5,72.5,57.5,2026-04-04
ART_013,Quevedo,MX,18.11,0.0,92.12,51.15,0.0,77.5,70.0,85.0,70.0,67.5,2026-04-04
ART_013,Quevedo,CO,18.11,0.0,92.12,51.15,0.0,77.5,70.0,85.0,70.0,67.5,2026-04-04
ART_013,Quevedo,AR,18.11,0.0,92.12,51.15,0.0,77.5,70.0,85.0,70.0,67.5,2026-04-04
ART_013,Quevedo,BR,18.11,0.0,92.12,51.15,0.0,77.5,70.0,85.0,70.0,67.5,2026-04-04
ART_013,Quevedo,ES,48.87,100.0,92.12,51.15,0.0,77.5,70.0,85.0,70.0,67.5,2026-04-04
ART_013,Quevedo,CL,18.11,0.0,92.12,51.15,0.0,77.5,70.0,85.0,70.0,67.5,2026-04-04
ART_013,Quevedo,PE,18.11,0.0,92.12,51.15,0.0,77.5,70.0,85.0,70.0,67.5,2026-04-04
ART_013,Quevedo,US-Latin,18.11,0.0,92.12,51.15,0.0,77.5,70.0,85.0,70.0,67.5,2026-04-04
ART_014,Omar Courtz,MX,18.33,0.0,91.15,47.77,0.0,72.5,68.5,74.5,72.5,72.5,2026-04-04
ART_014,Omar Courtz,CO,42.2,16.12,91.15,47.77,0.0,72.5,68.5,74.5,72.5,72.5,2026-04-04
ART_014,Omar Courtz,AR,40.23,29.57,91.15,47.77,0.0,72.5,68.5,74.5,72.5,72.5,2026-04-04
ART_014,Omar Courtz,BR,18.33,0.0,91.15,47.77,0.0,72.5,68.5,74.5,72.5,72.5,2026-04-04
ART_014,Omar Courtz,ES,47.83,54.31,91.15,47.77,0.0,72.5,68.5,74.5,72.5,72.5,2026-04-04
ART_014,Omar Courtz,CL,18.33,0.0,91.15,47.77,0.0,72.5,68.5,74.5,72.5,72.5,2026-04-04
ART_014,Omar Courtz,PE,18.33,0.0,91.15,47.77,0.0,72.5,68.5,74.5,72.5,72.5,2026-04-04
ART_014,Omar Courtz,US-Latin,18.33,0.0,91.15,47.77,0.0,72.5,68.5,74.5,72.5,72.5,2026-04-04
ART_015,ROSALÍA,MX,19.63,0.0,93.08,55.77,0.0,77.5,70.0,85.0,70.0,67.5,2026-04-04
ART_015,ROSALÍA,CO,19.63,0.0,93.08,55.77,0.0,77.5,70.0,85.0,70.0,67.5,2026-04-04
ART_015,ROSALÍA,AR,19.63,0.0,93.08,55.77,0.0,77.5,70.0,85.0,70.0,67.5,2026-04-04
ART_015,ROSALÍA,BR,19.63,0.0,93.08,55.77,0.0,77.5,70.0,85.0,70.0,67.5,2026-04-04
ART_015,ROSALÍA,ES,50.16,100.0,93.08,55.77,0.0,77.5,70.0,85.0,70.0,67.5,2026-04-04
ART_015,ROSALÍA,CL,19.63,0.0,93.08,55.77,0.0,77.5,70.0,85.0,70.0,67.5,2026-04-04
ART_015,ROSALÍA,PE,19.63,0.0,93.08,55.77,0.0,77.5,70.0,85.0,70.0,67.5,2026-04-04
ART_015,ROSALÍA,US-Latin,19.63,0.0,93.08,55.77,0.0,77.5,70.0,85.0,70.0,67.5,2026-04-04
ART_016,Ozuna,MX,19.3,0.0,92.88,65.38,0.0,72.5,79.0,73.5,72.5,57.5,2026-04-04
ART_016,Ozuna,CO,19.3,0.0,92.88,65.38,0.0,72.5,79.0,73.5,72.5,57.5,2026-04-04
ART_016,Ozuna,AR,19.3,0.0,92.88,65.38,0.0,72.5,79.0,73.5,72.5,57.5,2026-04-04
ART_016,Ozuna,BR,19.3,0.0,92.88,65.38,0.0,72.5,79.0,73.5,72.5,57.5,2026-04-04
ART_016,Ozuna,ES,19.3,0.0,92.88,65.38,0.0,72.5,79.0,73.5,72.5,57.5,2026-04-04
ART_016,Ozuna,CL,19.3,0.0,92.88,65.38,0.0,72.5,79.0,73.5,72.5,57.5,2026-04-04
ART_016,Ozuna,PE,19.3,0.0,92.88,65.38,0.0,72.5,79.0,73.5,72.5,57.5,2026-04-04
ART_016,Ozuna,US-Latin,19.3,0.0,92.88,65.38,0.0,72.5,79.0,73.5,72.5,57.5,2026-04-04
ART_017,Rauw Alejandro,MX,17.31,0.0,92.88,63.38,0.0,42.5,50.0,38.5,47.5,47.5,2026-04-04
ART_017,Rauw Alejandro,CO,17.31,0.0,92.88,63.38,0.0,42.5,50.0,38.5,47.5,47.5,2026-04-04
ART_017,Rauw Alejandro,AR,17.31,0.0,92.88,63.38,0.0,42.5,50.0,38.5,47.5,47.5,2026-04-04
ART_017,Rauw Alejandro,BR,17.31,0.0,92.88,63.38,0.0,42.5,50.0,38.5,47.5,47.5,2026-04-04
ART_017,Rauw Alejandro,ES,17.31,0.0,92.88,63.38,0.0,42.5,50.0,38.5,47.5,47.5,2026-04-04
ART_017,Rauw Alejandro,CL,17.31,0.0,92.88,63.38,0.0,42.5,50.0,38.5,47.5,47.5,2026-04-04
ART_017,Rauw Alejandro,PE,17.31,0.0,92.88,63.38,0.0,42.5,50.0,38.5,47.5,47.5,2026-04-04
ART_017,Rauw Alejandro,US-Latin,17.31,0.0,92.88,63.38,0.0,42.5,50.0,38.5,47.5,47.5,2026-04-04
ART_018,Romeo Santos,MX,20.86,0.0,93.65,63.77,0.0,77.5,72.0,83.0,70.0,67.5,2026-04-04
ART_018,Romeo Santos,CO,20.86,0.0,93.65,63.77,0.0,77.5,72.0,83.0,70.0,67.5,2026-04-04
ART_018,Romeo Santos,AR,20.86,0.0,93.65,63.77,0.0,77.5,72.0,83.0,70.0,67.5,2026-04-04
ART_018,Romeo Santos,BR,20.86,0.0,93.65,63.77,0.0,77.5,72.0,83.0,70.0,67.5,2026-04-04
ART_018,Romeo Santos,ES,47.78,100.0,93.65,63.77,0.0,77.5,72.0,83.0,70.0,67.5,2026-04-04
ART_018,Romeo Santos,CL,20.86,0.0,93.65,63.77,0.0,77.5,72.0,83.0,70.0,67.5,2026-04-04
ART_018,Romeo Santos,PE,20.86,0.0,93.65,63.77,0.0,77.5,72.0,83.0,70.0,67.5,2026-04-04
ART_018,Romeo Santos,US-Latin,20.86,0.0,93.65,63.77,0.0,77.5,72.0,83.0,70.0,67.5,2026-04-04
ART_019,Neton Vega,MX,44.55,100.0,92.5,65.69,0.0,37.5,38.5,69.0,47.5,47.5,2026-04-04
ART_019,Neton Vega,CO,19.43,0.0,92.5,65.69,0.0,37.5,38.5,69.0,47.5,47.5,2026-04-04
ART_019,Neton Vega,AR,19.43,0.0,92.5,65.69,0.0,37.5,38.5,69.0,47.5,47.5,2026-04-04
ART_019,Neton Vega,BR,19.43,0.0,92.5,65.69,0.0,37.5,38.5,69.0,47.5,47.5,2026-04-04
ART_019,Neton Vega,ES,19.43,0.0,92.5,65.69,0.0,37.5,38.5,69.0,47.5,47.5,2026-04-04
ART_019,Neton Vega,CL,19.43,0.0,92.5,65.69,0.0,37.5,38.5,69.0,47.5,47.5,2026-04-04
ART_019,Neton Vega,PE,19.43,0.0,92.5,65.69,0.0,37.5,38.5,69.0,47.5,47.5,2026-04-04
ART_019,Neton Vega,US-Latin,19.43,0.0,92.5,65.69,0.0,37.5,38.5,69.0,47.5,47.5,2026-04-04
ART_020,Herencia De Grandes,MX,42.28,100.0,92.5,53.08,0.0,40.0,39.0,62.0,47.5,47.5,2026-04-04
ART_020,Herencia De Grandes,CO,17.55,0.0,92.5,53.08,0.0,40.0,39.0,62.0,47.5,47.5,2026-04-04
ART_020,Herencia De Grandes,AR,17.55,0.0,92.5,53.08,0.0,40.0,39.0,62.0,47.5,47.5,2026-04-04
ART_020,Herencia De Grandes,BR,17.55,0.0,92.5,53.08,0.0,40.0,39.0,62.0,47.5,47.5,2026-04-04
ART_020,Herencia De Grandes,ES,17.55,0.0,92.5,53.08,0.0,40.0,39.0,62.0,47.5,47.5,2026-04-04
ART_020,Herencia De Grandes,CL,17.55,0.0,92.5,53.08,0.0,40.0,39.0,62.0,47.5,47.5,2026-04-04
ART_020,Herencia De Grandes,PE,17.55,0.0,92.5,53.08,0.0,40.0,39.0,62.0,47.5,47.5,2026-04-04
ART_020,Herencia De Grandes,US-Latin,17.55,0.0,92.5,53.08,0.0,40.0,39.0,62.0,47.5,47.5,2026-04-04
ART_021,Omar Camacho,MX,38.97,100.0,61.44,15.62,0.0,37.5,40.5,69.5,47.5,47.5,2026-04-04
ART_021,Omar Camacho,CO,15.05,0.0,61.44,15.62,0.0,37.5,40.5,69.5,47.5,47.5,2026-04-04
ART_021,Omar Camacho,AR,15.05,0.0,61.44,15.62,0.0,37.5,40.5,69.5,47.5,47.5,2026-04-04
ART_021,Omar Camacho,BR,15.05,0.0,61.44,15.62,0.0,37.5,40.5,69.5,47.5,47.5,2026-04-04
ART_021,Omar Camacho,ES,15.05,0.0,61.44,15.62,0.0,37.5,40.5,69.5,47.5,47.5,2026-04-04
ART_021,Omar Camacho,CL,15.05,0.0,61.44,15.62,0.0,37.5,40.5,69.5,47.5,47.5,2026-04-04
ART_021,Omar Camacho,PE,15.05,0.0,61.44,15.62,0.0,37.5,40.5,69.5,47.5,47.5,2026-04-04
ART_021,Omar Camacho,US-Latin,15.05,0.0,61.44,15.62,0.0,37.5,40.5,69.5,47.5,47.5,2026-04-04
ART_022,Lenin Ramírez,MX,41.46,86.92,90.38,17.23,0.0,50.0,45.0,50.0,42.8,42.5,2026-04-04
ART_022,Lenin Ramírez,CO,39.85,13.08,90.38,17.23,0.0,50.0,45.0,50.0,42.8,42.5,2026-04-04
ART_022,Lenin Ramírez,AR,16.17,0.0,90.38,17.23,0.0,50.0,45.0,50.0,42.8,42.5,2026-04-04
ART_022,Lenin Ramírez,BR,16.17,0.0,90.38,17.23,0.0,50.0,45.0,50.0,42.8,42.5,2026-04-04
ART_022,Lenin Ramírez,ES,16.17,0.0,90.38,17.23,0.0,50.0,45.0,50.0,42.8,42.5,2026-04-04
ART_022,Lenin Ramírez,CL,16.17,0.0,90.38,17.23,0.0,50.0,45.0,50.0,42.8,42.5,2026-04-04
ART_022,Lenin Ramírez,PE,16.17,0.0,90.38,17.23,0.0,50.0,45.0,50.0,42.8,42.5,2026-04-04
ART_022,Lenin Ramírez,US-Latin,16.17,0.0,90.38,17.23,0.0,50.0,45.0,50.0,42.8,42.5,2026-04-04
ART_023,Kapo,MX,15.51,0.0,91.35,12.62,0.0,42.5,50.0,40.0,46.58,47.5,2026-04-04
ART_023,Kapo,CO,38.87,100.0,91.35,12.62,0.0,42.5,50.0,40.0,46.58,47.5,2026-04-04
ART_023,Kapo,AR,15.51,0.0,91.35,12.62,0.0,42.5,50.0,40.0,46.58,47.5,2026-04-04
ART_023,Kapo,BR,15.51,0.0,91.35,12.62,0.0,42.5,50.0,40.0,46.58,47.5,2026-04-04
ART_023,Kapo,ES,15.51,0.0,91.35,12.62,0.0,42.5,50.0,40.0,46.58,47.5,2026-04-04
ART_023,Kapo,CL,15.51,0.0,91.35,12.62,0.0,42.5,50.0,40.0,46.58,47.5,2026-04-04
ART_023,Kapo,PE,15.51,0.0,91.35,12.62,0.0,42.5,50.0,40.0,46.58,47.5,2026-04-04
ART_023,Kapo,US-Latin,15.51,0.0,91.35,12.62,0.0,42.5,50.0,40.0,46.58,47.5,2026-04-04
ART_024,Rels B,MX,13.74,0.0,91.15,14.92,0.0,42.5,50.0,43.5,47.5,47.5,2026-04-04
ART_024,Rels B,CO,13.74,0.0,91.15,14.92,0.0,42.5,50.0,43.5,47.5,47.5,2026-04-04
ART_024,Rels B,AR,36.27,40.43,91.15,14.92,0.0,42.5,50.0,43.5,47.5,47.5,2026-04-04
ART_024,Rels B,BR,13.74,0.0,91.15,14.92,0.0,42.5,50.0,43.5,47.5,47.5,2026-04-04
ART_024,Rels B,ES,41.12,59.57,91.15,14.92,0.0,42.5,50.0,43.5,47.5,47.5,2026-04-04
ART_024,Rels B,CL,13.74,0.0,91.15,14.92,0.0,42.5,50.0,43.5,47.5,47.5,2026-04-04
ART_024,Rels B,PE,13.74,0.0,91.15,14.92,0.0,42.5,50.0,43.5,47.5,47.5,2026-04-04
ART_024,Rels B,US-Latin,13.74,0.0,91.15,14.92,0.0,42.5,50.0,43.5,47.5,47.5,2026-04-04
ART_025,BeatBoy,MX,15.71,0.0,90.38,24.85,0.0,37.5,39.5,69.5,43.93,47.5,2026-04-04
ART_025,BeatBoy,CO,15.71,0.0,90.38,24.85,0.0,37.5,39.5,69.5,43.93,47.5,2026-04-04
ART_025,BeatBoy,AR,15.71,0.0,90.38,24.85,0.0,37.5,39.5,69.5,43.93,47.5,2026-04-04
ART_025,BeatBoy,BR,15.71,0.0,90.38,24.85,0.0,37.5,39.5,69.5,43.93,47.5,2026-04-04
ART_025,BeatBoy,ES,15.71,0.0,90.38,24.85,0.0,37.5,39.5,69.5,43.93,47.5,2026-04-04
ART_025,BeatBoy,CL,15.71,0.0,90.38,24.85,0.0,37.5,39.5,69.5,43.93,47.5,2026-04-04
ART_025,BeatBoy,PE,15.71,0.0,90.38,24.85,0.0,37.5,39.5,69.5,43.93,47.5,2026-04-04
ART_025,BeatBoy,US-Latin,15.71,0.0,90.38,24.85,0.0,37.5,39.5,69.5,43.93,47.5,2026-04-04
ART_026,Virlan Garcia,MX,12.08,0.0,91.15,17.23,0.0,67.5,57.5,100.0,72.5,57.5,2026-04-04
ART_026,Virlan Garcia,CO,12.08,0.0,91.15,17.23,0.0,67.5,57.5,100.0,72.5,57.5,2026-04-04
ART_026,Virlan Garcia,AR,12.08,0.0,91.15,17.23,0.0,67.5,57.5,100.0,72.5,57.5,2026-04-04
ART_026,Virlan Garcia,BR,12.08,0.0,91.15,17.23,0.0,67.5,57.5,100.0,72.5,57.5,2026-04-04
ART_026,Virlan Garcia,ES,12.08,0.0,91.15,17.23,0.0,67.5,57.5,100.0,72.5,57.5,2026-04-04
ART_026,Virlan Garcia,CL,12.08,0.0,91.15,17.23,0.0,67.5,57.5,100.0,72.5,57.5,2026-04-04
ART_026,Virlan Garcia,PE,12.08,0.0,91.15,17.23,0.0,67.5,57.5,100.0,72.5,57.5,2026-04-04
ART_026,Virlan Garcia,US-Latin,12.08,0.0,91.15,17.23,0.0,67.5,57.5,100.0,72.5,57.5,2026-04-04
ART_027,Nanpa Básico,MX,14.32,0.0,90.96,9.92,0.0,42.5,50.0,42.0,46.21,47.5,2026-04-04
ART_027,Nanpa Básico,CO,14.32,0.0,90.96,9.92,0.0,42.5,50.0,42.0,46.21,47.5,2026-04-04
ART_027,Nanpa Básico,AR,14.32,0.0,90.96,9.92,0.0,42.5,50.0,42.0,46.21,47.5,2026-04-04
ART_027,Nanpa Básico,BR,14.32,0.0,90.96,9.92,0.0,42.5,50.0,42.0,46.21,47.5,2026-04-04
ART_027,Nanpa Básico,ES,14.32,0.0,90.96,9.92,0.0,42.5,50.0,42.0,46.21,47.5,2026-04-04
ART_027,Nanpa Básico,CL,14.32,0.0,90.96,9.92,0.0,42.5,50.0,42.0,46.21,47.5,2026-04-04
ART_027,Nanpa Básico,PE,14.32,0.0,90.96,9.92,0.0,42.5,50.0,42.0,46.21,47.5,2026-04-04
ART_027,Nanpa Básico,US-Latin,14.32,0.0,90.96,9.92,0.0,42.5,50.0,42.0,46.21,47.5,2026-04-04
ART_028,La T y La M,MX,15.14,0.0,91.15,14.92,0.0,42.5,50.0,42.0,41.85,47.5,2026-04-04
ART_028,La T y La M,CO,15.14,0.0,91.15,14.92,0.0,42.5,50.0,42.0,41.85,47.5,2026-04-04
ART_028,La T y La M,AR,38.98,100.0,91.15,14.92,0.0,42.5,50.0,42.0,41.85,47.5,2026-04-04
ART_028,La T y La M,BR,15.14,0.0,91.15,14.92,0.0,42.5,50.0,42.0,41.85,47.5,2026-04-04
ART_028,La T y La M,ES,15.14,0.0,91.15,14.92,0.0,42.5,50.0,42.0,41.85,47.5,2026-04-04
ART_028,La T y La M,CL,15.14,0.0,91.15,14.92,0.0,42.5,50.0,42.0,41.85,47.5,2026-04-04
ART_028,La T y La M,PE,15.14,0.0,91.15,14.92,0.0,42.5,50.0,42.0,41.85,47.5,2026-04-04
ART_028,La T y La M,US-Latin,15.14,0.0,91.15,14.92,0.0,42.5,50.0,42.0,41.85,47.5,2026-04-04
ART_029,Roze Oficial,MX,13.27,0.0,90.96,14.92,0.0,42.5,50.0,35.5,44.34,47.5,2026-04-04
ART_029,Roze Oficial,CO,13.27,0.0,90.96,14.92,0.0,42.5,50.0,35.5,44.34,47.5,2026-04-04
ART_029,Roze Oficial,AR,34.1,100.0,90.96,14.92,0.0,42.5,50.0,35.5,44.34,47.5,2026-04-04
ART_029,Roze Oficial,BR,13.27,0.0,90.96,14.92,0.0,42.5,50.0,35.5,44.34,47.5,2026-04-04
ART_029,Roze Oficial,ES,13.27,0.0,90.96,14.92,0.0,42.5,50.0,35.5,44.34,47.5,2026-04-04
ART_029,Roze Oficial,CL,13.27,0.0,90.96,14.92,0.0,42.5,50.0,35.5,44.34,47.5,2026-04-04
ART_029,Roze Oficial,PE,13.27,0.0,90.96,14.92,0.0,42.5,50.0,35.5,44.34,47.5,2026-04-04
ART_029,Roze Oficial,US-Latin,13.27,0.0,90.96,14.92,0.0,42.5,50.0,35.5,44.34,47.5,2026-04-04
ART_030,Max Carra,MX,15.31,0.0,60.29,14.92,0.0,47.5,50.0,55.0,37.8,42.5,2026-04-04
ART_030,Max Carra,CO,15.31,0.0,60.29,14.92,0.0,47.5,50.0,55.0,37.8,42.5,2026-04-04
ART_030,Max Carra,AR,36.86,100.0,60.29,14.92,0.0,47.5,50.0,55.0,37.8,42.5,2026-04-04
ART_030,Max Carra,BR,15.31,0.0,60.29,14.92,0.0,47.5,50.0,55.0,37.8,42.5,2026-04-04
ART_030,Max Carra,ES,15.31,0.0,60.29,14.92,0.0,47.5,50.0,55.0,37.8,42.5,2026-04-04
ART_030,Max Carra,CL,15.31,0.0,60.29,14.92,0.0,47.5,50.0,55.0,37.8,42.5,2026-04-04
ART_030,Max Carra,PE,15.31,0.0,60.29,14.92,0.0,47.5,50.0,55.0,37.8,42.5,2026-04-04
ART_030,Max Carra,US-Latin,15.31,0.0,60.29,14.92,0.0,47.5,50.0,55.0,37.8,42.5,2026-04-04
ART_031,Kybba,MX,14.48,0.0,60.87,17.23,0.0,72.5,70.0,74.0,63.77,72.5,2026-04-04
ART_031,Kybba,CO,14.48,0.0,60.87,17.23,0.0,72.5,70.0,74.0,63.77,72.5,2026-04-04
ART_031,Kybba,AR,14.48,0.0,60.87,17.23,0.0,72.5,70.0,74.0,63.77,72.5,2026-04-04
ART_031,Kybba,BR,14.48,0.0,60.87,17.23,0.0,72.5,70.0,74.0,63.77,72.5,2026-04-04
ART_031,Kybba,ES,14.48,0.0,60.87,17.23,0.0,72.5,70.0,74.0,63.77,72.5,2026-04-04
ART_031,Kybba,CL,14.48,0.0,60.87,17.23,0.0,72.5,70.0,74.0,63.77,72.5,2026-04-04
ART_031,Kybba,PE,14.48,0.0,60.87,17.23,0.0,72.5,70.0,74.0,63.77,72.5,2026-04-04
ART_031,Kybba,US-Latin,14.48,0.0,60.87,17.23,0.0,72.5,70.0,74.0,63.77,72.5,2026-04-04
ART_032,Maluma,MX,15.29,0.0,91.35,30.54,0.0,42.5,50.0,43.0,47.5,47.5,2026-04-04
ART_032,Maluma,CO,15.29,0.0,91.35,30.54,0.0,42.5,50.0,43.0,47.5,47.5,2026-04-04
ART_032,Maluma,AR,15.29,0.0,91.35,30.54,0.0,42.5,50.0,43.0,47.5,47.5,2026-04-04
ART_032,Maluma,BR,15.29,0.0,91.35,30.54,0.0,42.5,50.0,43.0,47.5,47.5,2026-04-04
ART_032,Maluma,ES,15.29,0.0,91.35,30.54,0.0,42.5,50.0,43.0,47.5,47.5,2026-04-04
ART_032,Maluma,CL,15.29,0.0,91.35,30.54,0.0,42.5,50.0,43.0,47.5,47.5,2026-04-04
ART_032,Maluma,PE,15.29,0.0,91.35,30.54,0.0,42.5,50.0,43.0,47.5,47.5,2026-04-04
ART_032,Maluma,US-Latin,15.29,0.0,91.35,30.54,0.0,42.5,50.0,43.0,47.5,47.5,2026-04-04
ART_033,Myke Towers,MX,13.54,0.0,91.15,17.92,0.0,72.5,79.0,73.5,72.5,57.5,2026-04-04
ART_033,Myke Towers,CO,13.54,0.0,91.15,17.92,0.0,72.5,79.0,73.5,72.5,57.5,2026-04-04
ART_033,Myke Towers,AR,13.54,0.0,91.15,17.92,0.0,72.5,79.0,73.5,72.5,57.5,2026-04-04
ART_033,Myke Towers,BR,13.54,0.0,91.15,17.92,0.0,72.5,79.0,73.5,72.5,57.5,2026-04-04
ART_033,Myke Towers,ES,13.54,0.0,91.15,17.92,0.0,72.5,79.0,73.5,72.5,57.5,2026-04-04
ART_033,Myke Towers,CL,13.54,0.0,91.15,17.92,0.0,72.5,79.0,73.5,72.5,57.5,2026-04-04
ART_033,Myke Towers,PE,13.54,0.0,91.15,17.92,0.0,72.5,79.0,73.5,72.5,57.5,2026-04-04
ART_033,Myke Towers,US-Latin,13.54,0.0,91.15,17.92,0.0,72.5,79.0,73.5,72.5,57.5,2026-04-04
ART_034,Jhay Cortez,MX,17.21,0.0,61.73,17.92,0.0,72.5,69.5,74.0,72.5,72.5,2026-04-04
ART_034,Jhay Cortez,CO,17.21,0.0,61.73,17.92,0.0,72.5,69.5,74.0,72.5,72.5,2026-04-04
ART_034,Jhay Cortez,AR,17.21,0.0,61.73,17.92,0.0,72.5,69.5,74.0,72.5,72.5,2026-04-04
ART_034,Jhay Cortez,BR,17.21,0.0,61.73,17.92,0.0,72.5,69.5,74.0,72.5,72.5,2026-04-04
ART_034,Jhay Cortez,ES,17.21,0.0,61.73,17.92,0.0,72.5,69.5,74.0,72.5,72.5,2026-04-04
ART_034,Jhay Cortez,CL,17.21,0.0,61.73,17.92,0.0,72.5,69.5,74.0,72.5,72.5,2026-04-04
ART_034,Jhay Cortez,PE,17.21,0.0,61.73,17.92,0.0,72.5,69.5,74.0,72.5,72.5,2026-04-04
ART_034,Jhay Cortez,US-Latin,17.21,0.0,61.73,17.92,0.0,72.5,69.5,74.0,72.5,72.5,2026-04-04
ART_035,Anuel AA,MX,14.66,0.0,60.58,25.23,0.0,72.5,66.5,84.5,72.5,57.5,2026-04-04
ART_035,Anuel AA,CO,14.66,0.0,60.58,25.23,0.0,72.5,66.5,84.5,72.5,57.5,2026-04-04
ART_035,Anuel AA,AR,14.66,0.0,60.58,25.23,0.0,72.5,66.5,84.5,72.5,57.5,2026-04-04
ART_035,Anuel AA,BR,14.66,0.0,60.58,25.23,0.0,72.5,66.5,84.5,72.5,57.5,2026-04-04
ART_035,Anuel AA,ES,14.66,0.0,60.58,25.23,0.0,72.5,66.5,84.5,72.5,57.5,2026-04-04
ART_035,Anuel AA,CL,14.66,0.0,60.58,25.23,0.0,72.5,66.5,84.5,72.5,57.5,2026-04-04
ART_035,Anuel AA,PE,14.66,0.0,60.58,25.23,0.0,72.5,66.5,84.5,72.5,57.5,2026-04-04
ART_035,Anuel AA,US-Latin,14.66,0.0,60.58,25.23,0.0,72.5,66.5,84.5,72.5,57.5,2026-04-04
ART_036,Eladio Carrión,MX,13.16,0.0,90.38,27.54,0.0,87.5,85.0,75.0,67.5,47.5,2026-04-04
ART_036,Eladio Carrión,CO,13.16,0.0,90.38,27.54,0.0,87.5,85.0,75.0,67.5,47.5,2026-04-04
ART_036,Eladio Carrión,AR,13.16,0.0,90.38,27.54,0.0,87.5,85.0,75.0,67.5,47.5,2026-04-04
ART_036,Eladio Carrión,BR,13.16,0.0,90.38,27.54,0.0,87.5,85.0,75.0,67.5,47.5,2026-04-04
ART_036,Eladio Carrión,ES,13.16,0.0,90.38,27.54,0.0,87.5,85.0,75.0,67.5,47.5,2026-04-04
ART_036,Eladio Carrión,CL,13.16,0.0,90.38,27.54,0.0,87.5,85.0,75.0,67.5,47.5,2026-04-04
ART_036,Eladio Carrión,PE,13.16,0.0,90.38,27.54,0.0,87.5,85.0,75.0,67.5,47.5,2026-04-04
ART_036,Eladio Carrión,US-Latin,13.16,0.0,90.38,27.54,0.0,87.5,85.0,75.0,67.5,47.5,2026-04-04
ART_037,Sech,MX,14.73,0.0,91.54,12.62,0.0,42.5,48.5,44.5,47.5,47.5,2026-04-04
ART_037,Sech,CO,14.73,0.0,91.54,12.62,0.0,42.5,48.5,44.5,47.5,47.5,2026-04-04
ART_037,Sech,AR,14.73,0.0,91.54,12.62,0.0,42.5,48.5,44.5,47.5,47.5,2026-04-04
ART_037,Sech,BR,14.73,0.0,91.54,12.62,0.0,42.5,48.5,44.5,47.5,47.5,2026-04-04
ART_037,Sech,ES,14.73,0.0,91.54,12.62,0.0,42.5,48.5,44.5,47.5,47.5,2026-04-04
ART_037,Sech,CL,14.73,0.0,91.54,12.62,0.0,42.5,48.5,44.5,47.5,47.5,2026-04-04
ART_037,Sech,PE,14.73,0.0,91.54,12.62,0.0,42.5,48.5,44.5,47.5,47.5,2026-04-04
ART_037,Sech,US-Latin,14.73,0.0,91.54,12.62,0.0,42.5,48.5,44.5,47.5,47.5,2026-04-04
ART_038,Mora,MX,16.51,0.0,90.58,17.23,0.0,70.0,65.0,87.5,65.48,72.5,2026-04-04
ART_038,Mora,CO,16.51,0.0,90.58,17.23,0.0,70.0,65.0,87.5,65.48,72.5,2026-04-04
ART_038,Mora,AR,16.51,0.0,90.58,17.23,0.0,70.0,65.0,87.5,65.48,72.5,2026-04-04
ART_038,Mora,BR,16.51,0.0,90.58,17.23,0.0,70.0,65.0,87.5,65.48,72.5,2026-04-04
ART_038,Mora,ES,16.51,0.0,90.58,17.23,0.0,70.0,65.0,87.5,65.48,72.5,2026-04-04
ART_038,Mora,CL,16.51,0.0,90.58,17.23,0.0,70.0,65.0,87.5,65.48,72.5,2026-04-04
ART_038,Mora,PE,16.51,0.0,90.58,17.23,0.0,70.0,65.0,87.5,65.48,72.5,2026-04-04
ART_038,Mora,US-Latin,16.51,0.0,90.58,17.23,0.0,70.0,65.0,87.5,65.48,72.5,2026-04-04
ART_039,Ovy On The Drums,MX,13.54,0.0,90.38,20.23,0.0,80.0,70.0,77.5,70.0,67.5,2026-04-04
ART_039,Ovy On The Drums,CO,13.54,0.0,90.38,20.23,0.0,80.0,70.0,77.5,70.0,67.5,2026-04-04
ART_039,Ovy On The Drums,AR,13.54,0.0,90.38,20.23,0.0,80.0,70.0,77.5,70.0,67.5,2026-04-04
ART_039,Ovy On The Drums,BR,13.54,0.0,90.38,20.23,0.0,80.0,70.0,77.5,70.0,67.5,2026-04-04
ART_039,Ovy On The Drums,ES,13.54,0.0,90.38,20.23,0.0,80.0,70.0,77.5,70.0,67.5,2026-04-04
ART_039,Ovy On The Drums,CL,13.54,0.0,90.38,20.23,0.0,80.0,70.0,77.5,70.0,67.5,2026-04-04
ART_039,Ovy On The Drums,PE,13.54,0.0,90.38,20.23,0.0,80.0,70.0,77.5,70.0,67.5,2026-04-04
ART_039,Ovy On The Drums,US-Latin,13.54,0.0,90.38,20.23,0.0,80.0,70.0,77.5,70.0,67.5,2026-04-04
ART_040,Arcángel,MX,14.75,0.0,60.87,28.23,0.0,72.5,77.5,77.5,72.5,57.5,2026-04-04
ART_040,Arcángel,CO,14.75,0.0,60.87,28.23,0.0,72.5,77.5,77.5,72.5,57.5,2026-04-04
ART_040,Arcángel,AR,14.75,0.0,60.87,28.23,0.0,72.5,77.5,77.5,72.5,57.5,2026-04-04
ART_040,Arcángel,BR,14.75,0.0,60.87,28.23,0.0,72.5,77.5,77.5,72.5,57.5,2026-04-04
ART_040,Arcángel,ES,14.75,0.0,60.87,28.23,0.0,72.5,77.5,77.5,72.5,57.5,2026-04-04
ART_040,Arcángel,CL,14.75,0.0,60.87,28.23,0.0,72.5,77.5,77.5,72.5,57.5,2026-04-04
ART_040,Arcángel,PE,14.75,0.0,60.87,28.23,0.0,72.5,77.5,77.5,72.5,57.5,2026-04-04
ART_040,Arcángel,US-Latin,14.75,0.0,60.87,28.23,0.0,72.5,77.5,77.5,72.5,57.5,2026-04-04
ART_041,Camilo,MX,15.95,0.0,61.15,12.62,0.0,71.22,70.0,69.5,72.5,72.5,2026-04-04
ART_041,Camilo,CO,15.95,0.0,61.15,12.62,0.0,71.22,70.0,69.5,72.5,72.5,2026-04-04
ART_041,Camilo,AR,15.95,0.0,61.15,12.62,0.0,71.22,70.0,69.5,72.5,72.5,2026-04-04
ART_041,Camilo,BR,15.95,0.0,61.15,12.62,0.0,71.22,70.0,69.5,72.5,72.5,2026-04-04
ART_041,Camilo,ES,15.95,0.0,61.15,12.62,0.0,71.22,70.0,69.5,72.5,72.5,2026-04-04
ART_041,Camilo,CL,15.95,0.0,61.15,12.62,0.0,71.22,70.0,69.5,72.5,72.5,2026-04-04
ART_041,Camilo,PE,15.95,0.0,61.15,12.62,0.0,71.22,70.0,69.5,72.5,72.5,2026-04-04
ART_041,Camilo,US-Latin,15.95,0.0,61.15,12.62,0.0,71.22,70.0,69.5,72.5,72.5,2026-04-04
ART_042,Sebastián Yatra,MX,17.73,0.0,61.73,32.15,0.0,72.5,70.0,69.0,72.5,72.5,2026-04-04
ART_042,Sebastián Yatra,CO,17.73,0.0,61.73,32.15,0.0,72.5,70.0,69.0,72.5,72.5,2026-04-04
ART_042,Sebastián Yatra,AR,17.73,0.0,61.73,32.15,0.0,72.5,70.0,69.0,72.5,72.5,2026-04-04
ART_042,Sebastián Yatra,BR,17.73,0.0,61.73,32.15,0.0,72.5,70.0,69.0,72.5,72.5,2026-04-04
ART_042,Sebastián Yatra,ES,17.73,0.0,61.73,32.15,0.0,72.5,70.0,69.0,72.5,72.5,2026-04-04
ART_042,Sebastián Yatra,CL,17.73,0.0,61.73,32.15,0.0,72.5,70.0,69.0,72.5,72.5,2026-04-04
ART_042,Sebastián Yatra,PE,17.73,0.0,61.73,32.15,0.0,72.5,70.0,69.0,72.5,72.5,2026-04-04
ART_042,Sebastián Yatra,US-Latin,17.73,0.0,61.73,32.15,0.0,72.5,70.0,69.0,72.5,72.5,2026-04-04
ART_043,Natanael Cano,MX,16.19,0.0,90.58,25.23,0.0,67.5,65.5,100.0,68.92,57.5,2026-04-04
ART_043,Natanael Cano,CO,16.19,0.0,90.58,25.23,0.0,67.5,65.5,100.0,68.92,57.5,2026-04-04
ART_043,Natanael Cano,AR,16.19,0.0,90.58,25.23,0.0,67.5,65.5,100.0,68.92,57.5,2026-04-04
ART_043,Natanael Cano,BR,16.19,0.0,90.58,25.23,0.0,67.5,65.5,100.0,68.92,57.5,2026-04-04
ART_043,Natanael Cano,ES,16.19,0.0,90.58,25.23,0.0,67.5,65.5,100.0,68.92,57.5,2026-04-04
ART_043,Natanael Cano,CL,16.19,0.0,90.58,25.23,0.0,67.5,65.5,100.0,68.92,57.5,2026-04-04
ART_043,Natanael Cano,PE,16.19,0.0,90.58,25.23,0.0,67.5,65.5,100.0,68.92,57.5,2026-04-04
ART_043,Natanael Cano,US-Latin,16.19,0.0,90.58,25.23,0.0,67.5,65.5,100.0,68.92,57.5,2026-04-04
ART_044,Luis R Conriquez,MX,16.19,0.0,91.35,9.92,0.0,67.5,56.0,100.0,72.5,57.5,2026-04-04
ART_044,Luis R Conriquez,CO,16.19,0.0,91.35,9.92,0.0,67.5,56.0,100.0,72.5,57.5,2026-04-04
ART_044,Luis R Conriquez,AR,16.19,0.0,91.35,9.92,0.0,67.5,56.0,100.0,72.5,57.5,2026-04-04
ART_044,Luis R Conriquez,BR,16.19,0.0,91.35,9.92,0.0,67.5,56.0,100.0,72.5,57.5,2026-04-04
ART_044,Luis R Conriquez,ES,16.19,0.0,91.35,9.92,0.0,67.5,56.0,100.0,72.5,57.5,2026-04-04
ART_044,Luis R Conriquez,CL,16.19,0.0,91.35,9.92,0.0,67.5,56.0,100.0,72.5,57.5,2026-04-04
ART_044,Luis R Conriquez,PE,16.19,0.0,91.35,9.92,0.0,67.5,56.0,100.0,72.5,57.5,2026-04-04
ART_044,Luis R Conriquez,US-Latin,16.19,0.0,91.35,9.92,0.0,67.5,56.0,100.0,72.5,57.5,2026-04-04
ART_045,Carin León,MX,14.61,0.0,90.38,25.23,0.0,42.5,50.0,39.0,44.89,47.5,2026-04-04
ART_045,Carin León,CO,14.61,0.0,90.38,25.23,0.0,42.5,50.0,39.0,44.89,47.5,2026-04-04
ART_045,Carin León,AR,14.61,0.0,90.38,25.23,0.0,42.5,50.0,39.0,44.89,47.5,2026-04-04
ART_045,Carin León,BR,14.61,0.0,90.38,25.23,0.0,42.5,50.0,39.0,44.89,47.5,2026-04-04
ART_045,Carin León,ES,14.61,0.0,90.38,25.23,0.0,42.5,50.0,39.0,44.89,47.5,2026-04-04
ART_045,Carin León,CL,14.61,0.0,90.38,25.23,0.0,42.5,50.0,39.0,44.89,47.5,2026-04-04
ART_045,Carin León,PE,14.61,0.0,90.38,25.23,0.0,42.5,50.0,39.0,44.89,47.5,2026-04-04
ART_045,Carin León,US-Latin,14.61,0.0,90.38,25.23,0.0,42.5,50.0,39.0,44.89,47.5,2026-04-04
ART_046,Christian Nodal,MX,14.2,0.0,60.87,25.23,0.0,36.72,39.5,62.5,44.52,47.5,2026-04-04
ART_046,Christian Nodal,CO,14.2,0.0,60.87,25.23,0.0,36.72,39.5,62.5,44.52,47.5,2026-04-04
ART_046,Christian Nodal,AR,14.2,0.0,60.87,25.23,0.0,36.72,39.5,62.5,44.52,47.5,2026-04-04
ART_046,Christian Nodal,BR,14.2,0.0,60.87,25.23,0.0,36.72,39.5,62.5,44.52,47.5,2026-04-04
ART_046,Christian Nodal,ES,14.2,0.0,60.87,25.23,0.0,36.72,39.5,62.5,44.52,47.5,2026-04-04
ART_046,Christian Nodal,CL,14.2,0.0,60.87,25.23,0.0,36.72,39.5,62.5,44.52,47.5,2026-04-04
ART_046,Christian Nodal,PE,14.2,0.0,60.87,25.23,0.0,36.72,39.5,62.5,44.52,47.5,2026-04-04
ART_046,Christian Nodal,US-Latin,14.2,0.0,60.87,25.23,0.0,36.72,39.5,62.5,44.52,47.5,2026-04-04
ART_047,Grupo Frontera,MX,14.17,0.0,60.87,12.62,0.0,70.0,65.0,87.5,68.4,72.5,2026-04-04
ART_047,Grupo Frontera,CO,14.17,0.0,60.87,12.62,0.0,70.0,65.0,87.5,68.4,72.5,2026-04-04
ART_047,Grupo Frontera,AR,14.17,0.0,60.87,12.62,0.0,70.0,65.0,87.5,68.4,72.5,2026-04-04
ART_047,Grupo Frontera,BR,14.17,0.0,60.87,12.62,0.0,70.0,65.0,87.5,68.4,72.5,2026-04-04
ART_047,Grupo Frontera,ES,14.17,0.0,60.87,12.62,0.0,70.0,65.0,87.5,68.4,72.5,2026-04-04
ART_047,Grupo Frontera,CL,14.17,0.0,60.87,12.62,0.0,70.0,65.0,87.5,68.4,72.5,2026-04-04
ART_047,Grupo Frontera,PE,14.17,0.0,60.87,12.62,0.0,70.0,65.0,87.5,68.4,72.5,2026-04-04
ART_047,Grupo Frontera,US-Latin,14.17,0.0,60.87,12.62,0.0,70.0,65.0,87.5,68.4,72.5,2026-04-04
ART_048,Gera MX,MX,14.99,0.0,90.77,37.46,0.0,80.0,70.0,77.5,66.91,67.5,2026-04-04
ART_048,Gera MX,CO,14.99,0.0,90.77,37.46,0.0,80.0,70.0,77.5,66.91,67.5,2026-04-04
ART_048,Gera MX,AR,14.99,0.0,90.77,37.46,0.0,80.0,70.0,77.5,66.91,67.5,2026-04-04
ART_048,Gera MX,BR,14.99,0.0,90.77,37.46,0.0,80.0,70.0,77.5,66.91,67.5,2026-04-04
ART_048,Gera MX,ES,14.99,0.0,90.77,37.46,0.0,80.0,70.0,77.5,66.91,67.5,2026-04-04
ART_048,Gera MX,CL,14.99,0.0,90.77,37.46,0.0,80.0,70.0,77.5,66.91,67.5,2026-04-04
ART_048,Gera MX,PE,14.99,0.0,90.77,37.46,0.0,80.0,70.0,77.5,66.91,67.5,2026-04-04
ART_048,Gera MX,US-Latin,14.99,0.0,90.77,37.46,0.0,80.0,70.0,77.5,66.91,67.5,2026-04-04
ART_049,MC Davo,MX,14.29,0.0,90.77,24.85,0.0,70.0,65.0,87.5,67.49,72.5,2026-04-04
ART_049,MC Davo,CO,14.29,0.0,90.77,24.85,0.0,70.0,65.0,87.5,67.49,72.5,2026-04-04
ART_049,MC Davo,AR,14.29,0.0,90.77,24.85,0.0,70.0,65.0,87.5,67.49,72.5,2026-04-04
ART_049,MC Davo,BR,14.29,0.0,90.77,24.85,0.0,70.0,65.0,87.5,67.49,72.5,2026-04-04
ART_049,MC Davo,ES,14.29,0.0,90.77,24.85,0.0,70.0,65.0,87.5,67.49,72.5,2026-04-04
ART_049,MC Davo,CL,14.29,0.0,90.77,24.85,0.0,70.0,65.0,87.5,67.49,72.5,2026-04-04
ART_049,MC Davo,PE,14.29,0.0,90.77,24.85,0.0,70.0,65.0,87.5,67.49,72.5,2026-04-04
ART_049,MC Davo,US-Latin,14.29,0.0,90.77,24.85,0.0,70.0,65.0,87.5,67.49,72.5,2026-04-04
ART_050,Yahritza Y Su Esencia,MX,12.6,0.0,90.38,14.92,0.0,57.5,46.0,50.0,37.13,37.5,2026-04-04
ART_050,Yahritza Y Su Esencia,CO,12.6,0.0,90.38,14.92,0.0,57.5,46.0,50.0,37.13,37.5,2026-04-04
ART_050,Yahritza Y Su Esencia,AR,12.6,0.0,90.38,14.92,0.0,57.5,46.0,50.0,37.13,37.5,2026-04-04
ART_050,Yahritza Y Su Esencia,BR,12.6,0.0,90.38,14.92,0.0,57.5,46.0,50.0,37.13,37.5,2026-04-04
ART_050,Yahritza Y Su Esencia,ES,12.6,0.0,90.38,14.92,0.0,57.5,46.0,50.0,37.13,37.5,2026-04-04
ART_050,Yahritza Y Su Esencia,CL,12.6,0.0,90.38,14.92,0.0,57.5,46.0,50.0,37.13,37.5,2026-04-04
ART_050,Yahritza Y Su Esencia,PE,12.6,0.0,90.38,14.92,0.0,57.5,46.0,50.0,37.13,37.5,2026-04-04
ART_050,Yahritza Y Su Esencia,US-Latin,12.6,0.0,90.38,14.92,0.0,57.5,46.0,50.0,37.13,37.5,2026-04-04
ART_051,Grupo Firme,MX,11.85,0.0,60.0,17.23,0.0,40.0,41.5,61.0,47.5,47.5,2026-04-04
ART_051,Grupo Firme,CO,37.02,100.0,60.0,17.23,0.0,40.0,41.5,61.0,47.5,47.5,2026-04-04
ART_051,Grupo Firme,AR,11.85,0.0,60.0,17.23,0.0,40.0,41.5,61.0,47.5,47.5,2026-04-04
ART_051,Grupo Firme,BR,11.85,0.0,60.0,17.23,0.0,40.0,41.5,61.0,47.5,47.5,2026-04-04
ART_051,Grupo Firme,ES,11.85,0.0,60.0,17.23,0.0,40.0,41.5,61.0,47.5,47.5,2026-04-04
ART_051,Grupo Firme,CL,11.85,0.0,60.0,17.23,0.0,40.0,41.5,61.0,47.5,47.5,2026-04-04
ART_051,Grupo Firme,PE,11.85,0.0,60.0,17.23,0.0,40.0,41.5,61.0,47.5,47.5,2026-04-04
ART_051,Grupo Firme,US-Latin,11.85,0.0,60.0,17.23,0.0,40.0,41.5,61.0,47.5,47.5,2026-04-04
ART_052,Régulo Molina,MX,11.8,0.0,60.29,0.0,0.0,37.5,38.5,69.5,40.01,47.5,2026-04-04
ART_052,Régulo Molina,CO,11.8,0.0,60.29,0.0,0.0,37.5,38.5,69.5,40.01,47.5,2026-04-04
ART_052,Régulo Molina,AR,11.8,0.0,60.29,0.0,0.0,37.5,38.5,69.5,40.01,47.5,2026-04-04
ART_052,Régulo Molina,BR,11.8,0.0,60.29,0.0,0.0,37.5,38.5,69.5,40.01,47.5,2026-04-04
ART_052,Régulo Molina,ES,11.8,0.0,60.29,0.0,0.0,37.5,38.5,69.5,40.01,47.5,2026-04-04
ART_052,Régulo Molina,CL,11.8,0.0,60.29,0.0,0.0,37.5,38.5,69.5,40.01,47.5,2026-04-04
ART_052,Régulo Molina,PE,11.8,0.0,60.29,0.0,0.0,37.5,38.5,69.5,40.01,47.5,2026-04-04
ART_052,Régulo Molina,US-Latin,11.8,0.0,60.29,0.0,0.0,37.5,38.5,69.5,40.01,47.5,2026-04-04
ART_053,Oscar Maydon,MX,11.45,0.0,60.58,14.92,0.0,67.5,66.5,100.0,68.73,57.5,2026-04-04
ART_053,Oscar Maydon,CO,11.45,0.0,60.58,14.92,0.0,67.5,66.5,100.0,68.73,57.5,2026-04-04
ART_053,Oscar Maydon,AR,11.45,0.0,60.58,14.92,0.0,67.5,66.5,100.0,68.73,57.5,2026-04-04
ART_053,Oscar Maydon,BR,11.45,0.0,60.58,14.92,0.0,67.5,66.5,100.0,68.73,57.5,2026-04-04
ART_053,Oscar Maydon,ES,11.45,0.0,60.58,14.92,0.0,67.5,66.5,100.0,68.73,57.5,2026-04-04
ART_053,Oscar Maydon,CL,11.45,0.0,60.58,14.92,0.0,67.5,66.5,100.0,68.73,57.5,2026-04-04
ART_053,Oscar Maydon,PE,11.45,0.0,60.58,14.92,0.0,67.5,66.5,100.0,68.73,57.5,2026-04-04
ART_053,Oscar Maydon,US-Latin,11.45,0.0,60.58,14.92,0.0,67.5,66.5,100.0,68.73,57.5,2026-04-04
ART_054,W Sound,MX,11.62,0.0,60.58,0.0,0.0,72.5,69.0,75.0,68.98,72.5,2026-04-04
ART_054,W Sound,CO,39.19,55.32,60.58,0.0,0.0,72.5,69.0,75.0,68.98,72.5,2026-04-04
ART_054,W Sound,AR,11.62,0.0,60.58,0.0,0.0,72.5,69.0,75.0,68.98,72.5,2026-04-04
ART_054,W Sound,BR,11.62,0.0,60.58,0.0,0.0,72.5,69.0,75.0,68.98,72.5,2026-04-04
ART_054,W Sound,ES,38.16,44.68,60.58,0.0,0.0,72.5,69.0,75.0,68.98,72.5,2026-04-04
ART_054,W Sound,CL,11.62,0.0,60.58,0.0,0.0,72.5,69.0,75.0,68.98,72.5,2026-04-04
ART_054,W Sound,PE,11.62,0.0,60.58,0.0,0.0,72.5,69.0,75.0,68.98,72.5,2026-04-04
ART_054,W Sound,US-Latin,11.62,0.0,60.58,0.0,0.0,72.5,69.0,75.0,68.98,72.5,2026-04-04
ART_055,PEDRO SAMPAIO,MX,11.85,0.0,21.15,12.62,0.0,67.5,65.0,95.0,72.5,72.5,2026-04-04
ART_055,PEDRO SAMPAIO,CO,11.85,0.0,21.15,12.62,0.0,67.5,65.0,95.0,72.5,72.5,2026-04-04
ART_055,PEDRO SAMPAIO,AR,33.42,100.0,21.15,12.62,0.0,67.5,65.0,95.0,72.5,72.5,2026-04-04
ART_055,PEDRO SAMPAIO,BR,11.85,0.0,21.15,12.62,0.0,67.5,65.0,95.0,72.5,72.5,2026-04-04
ART_055,PEDRO SAMPAIO,ES,11.85,0.0,21.15,12.62,0.0,67.5,65.0,95.0,72.5,72.5,2026-04-04
ART_055,PEDRO SAMPAIO,CL,11.85,0.0,21.15,12.62,0.0,67.5,65.0,95.0,72.5,72.5,2026-04-04
ART_055,PEDRO SAMPAIO,PE,11.85,0.0,21.15,12.62,0.0,67.5,65.0,95.0,72.5,72.5,2026-04-04
ART_055,PEDRO SAMPAIO,US-Latin,11.85,0.0,21.15,12.62,0.0,67.5,65.0,95.0,72.5,72.5,2026-04-04
ART_056,Ñengo Flow,MX,13.67,0.0,60.29,17.23,0.0,72.5,80.0,71.5,69.46,57.5,2026-04-04
ART_056,Ñengo Flow,CO,13.67,0.0,60.29,17.23,0.0,72.5,80.0,71.5,69.46,57.5,2026-04-04
ART_056,Ñengo Flow,AR,13.67,0.0,60.29,17.23,0.0,72.5,80.0,71.5,69.46,57.5,2026-04-04
ART_056,Ñengo Flow,BR,13.67,0.0,60.29,17.23,0.0,72.5,80.0,71.5,69.46,57.5,2026-04-04
ART_056,Ñengo Flow,ES,13.67,0.0,60.29,17.23,0.0,72.5,80.0,71.5,69.46,57.5,2026-04-04
ART_056,Ñengo Flow,CL,13.67,0.0,60.29,17.23,0.0,72.5,80.0,71.5,69.46,57.5,2026-04-04
ART_056,Ñengo Flow,PE,13.67,0.0,60.29,17.23,0.0,72.5,80.0,71.5,69.46,57.5,2026-04-04
ART_056,Ñengo Flow,US-Latin,13.67,0.0,60.29,17.23,0.0,72.5,80.0,71.5,69.46,57.5,2026-04-04
ART_057,JC Reyes,MX,12.08,0.0,60.58,17.23,0.0,72.5,67.5,75.5,66.92,72.5,2026-04-04
ART_057,JC Reyes,CO,12.08,0.0,60.58,17.23,0.0,72.5,67.5,75.5,66.92,72.5,2026-04-04
ART_057,JC Reyes,AR,12.08,0.0,60.58,17.23,0.0,72.5,67.5,75.5,66.92,72.5,2026-04-04
ART_057,JC Reyes,BR,12.08,0.0,60.58,17.23,0.0,72.5,67.5,75.5,66.92,72.5,2026-04-04
ART_057,JC Reyes,ES,36.93,100.0,60.58,17.23,0.0,72.5,67.5,75.5,66.92,72.5,2026-04-04
ART_057,JC Reyes,CL,12.08,0.0,60.58,17.23,0.0,72.5,67.5,75.5,66.92,72.5,2026-04-04
ART_057,JC Reyes,PE,12.08,0.0,60.58,17.23,0.0,72.5,67.5,75.5,66.92,72.5,2026-04-04
ART_057,JC Reyes,US-Latin,12.08,0.0,60.58,17.23,0.0,72.5,67.5,75.5,66.92,72.5,2026-04-04
ART_058,YOVNGCHIMI,MX,13.32,0.0,60.0,0.0,0.0,72.5,77.5,77.5,65.24,57.5,2026-04-04
ART_058,YOVNGCHIMI,CO,13.32,0.0,60.0,0.0,0.0,72.5,77.5,77.5,65.24,57.5,2026-04-04
ART_058,YOVNGCHIMI,AR,13.32,0.0,60.0,0.0,0.0,72.5,77.5,77.5,65.24,57.5,2026-04-04
ART_058,YOVNGCHIMI,BR,13.32,0.0,60.0,0.0,0.0,72.5,77.5,77.5,65.24,57.5,2026-04-04
ART_058,YOVNGCHIMI,ES,38.82,100.0,60.0,0.0,0.0,72.5,77.5,77.5,65.24,57.5,2026-04-04
ART_058,YOVNGCHIMI,CL,13.32,0.0,60.0,0.0,0.0,72.5,77.5,77.5,65.24,57.5,2026-04-04
ART_058,YOVNGCHIMI,PE,13.32,0.0,60.0,0.0,0.0,72.5,77.5,77.5,65.24,57.5,2026-04-04
ART_058,YOVNGCHIMI,US-Latin,13.32,0.0,60.0,0.0,0.0,72.5,77.5,77.5,65.24,57.5,2026-04-04
ART_059,Dei V,MX,11.34,0.0,20.77,0.0,0.0,72.5,80.0,72.0,72.39,57.5,2026-04-04
ART_059,Dei V,CO,11.34,0.0,20.77,0.0,0.0,72.5,80.0,72.0,72.39,57.5,2026-04-04
ART_059,Dei V,AR,11.34,0.0,20.77,0.0,0.0,72.5,80.0,72.0,72.39,57.5,2026-04-04
ART_059,Dei V,BR,11.34,0.0,20.77,0.0,0.0,72.5,80.0,72.0,72.39,57.5,2026-04-04
ART_059,Dei V,ES,11.34,0.0,20.77,0.0,0.0,72.5,80.0,72.0,72.39,57.5,2026-04-04
ART_059,Dei V,CL,11.34,0.0,20.77,0.0,0.0,72.5,80.0,72.0,72.39,57.5,2026-04-04
ART_059,Dei V,PE,11.34,0.0,20.77,0.0,0.0,72.5,80.0,72.0,72.39,57.5,2026-04-04
ART_059,Dei V,US-Latin,11.34,0.0,20.77,0.0,0.0,72.5,80.0,72.0,72.39,57.5,2026-04-04
ART_060,Aitana,MX,12.22,0.0,20.0,14.92,0.0,72.5,70.0,68.5,72.5,72.5,2026-04-04
ART_060,Aitana,CO,12.22,0.0,20.0,14.92,0.0,72.5,70.0,68.5,72.5,72.5,2026-04-04
ART_060,Aitana,AR,12.22,0.0,20.0,14.92,0.0,72.5,70.0,68.5,72.5,72.5,2026-04-04
ART_060,Aitana,BR,12.22,0.0,20.0,14.92,0.0,72.5,70.0,68.5,72.5,72.5,2026-04-04
ART_060,Aitana,ES,40.4,100.0,20.0,14.92,0.0,72.5,70.0,68.5,72.5,72.5,2026-04-04
ART_060,Aitana,CL,12.22,0.0,20.0,14.92,0.0,72.5,70.0,68.5,72.5,72.5,2026-04-04
ART_060,Aitana,PE,12.22,0.0,20.0,14.92,0.0,72.5,70.0,68.5,72.5,72.5,2026-04-04
ART_060,Aitana,US-Latin,12.22,0.0,20.0,14.92,0.0,72.5,70.0,68.5,72.5,72.5,2026-04-04
ART_061,Prince Royce,MX,12.54,0.0,60.87,0.0,0.0,72.5,70.0,71.0,67.97,72.5,2026-04-04
ART_061,Prince Royce,CO,12.54,0.0,60.87,0.0,0.0,72.5,70.0,71.0,67.97,72.5,2026-04-04
ART_061,Prince Royce,AR,12.54,0.0,60.87,0.0,0.0,72.5,70.0,71.0,67.97,72.5,2026-04-04
ART_061,Prince Royce,BR,12.54,0.0,60.87,0.0,0.0,72.5,70.0,71.0,67.97,72.5,2026-04-04
ART_061,Prince Royce,ES,12.54,0.0,60.87,0.0,0.0,72.5,70.0,71.0,67.97,72.5,2026-04-04
ART_061,Prince Royce,CL,12.54,0.0,60.87,0.0,0.0,72.5,70.0,71.0,67.97,72.5,2026-04-04
ART_061,Prince Royce,PE,12.54,0.0,60.87,0.0,0.0,72.5,70.0,71.0,67.97,72.5,2026-04-04
ART_061,Prince Royce,US-Latin,12.54,0.0,60.87,0.0,0.0,72.5,70.0,71.0,67.97,72.5,2026-04-04
ART_062,Cauty,MX,11.54,0.0,60.29,0.0,0.0,42.5,50.0,43.5,42.23,47.5,2026-04-04
ART_062,Cauty,CO,11.54,0.0,60.29,0.0,0.0,42.5,50.0,43.5,42.23,47.5,2026-04-04
ART_062,Cauty,AR,11.54,0.0,60.29,0.0,0.0,42.5,50.0,43.5,42.23,47.5,2026-04-04
ART_062,Cauty,BR,11.54,0.0,60.29,0.0,0.0,42.5,50.0,43.5,42.23,47.5,2026-04-04
ART_062,Cauty,ES,11.54,0.0,60.29,0.0,0.0,42.5,50.0,43.5,42.23,47.5,2026-04-04
ART_062,Cauty,CL,11.54,0.0,60.29,0.0,0.0,42.5,50.0,43.5,42.23,47.5,2026-04-04
ART_062,Cauty,PE,11.54,0.0,60.29,0.0,0.0,42.5,50.0,43.5,42.23,47.5,2026-04-04
ART_062,Cauty,US-Latin,11.54,0.0,60.29,0.0,0.0,42.5,50.0,43.5,42.23,47.5,2026-04-04
ART_063,WOS,MX,11.99,0.0,60.58,0.0,0.0,80.0,70.0,77.5,63.41,67.5,2026-04-04
ART_063,WOS,CO,11.99,0.0,60.58,0.0,0.0,80.0,70.0,77.5,63.41,67.5,2026-04-04
ART_063,WOS,AR,11.99,0.0,60.58,0.0,0.0,80.0,70.0,77.5,63.41,67.5,2026-04-04
ART_063,WOS,BR,11.99,0.0,60.58,0.0,0.0,80.0,70.0,77.5,63.41,67.5,2026-04-04
ART_063,WOS,ES,11.99,0.0,60.58,0.0,0.0,80.0,70.0,77.5,63.41,67.5,2026-04-04
ART_063,WOS,CL,11.99,0.0,60.58,0.0,0.0,80.0,70.0,77.5,63.41,67.5,2026-04-04
ART_063,WOS,PE,11.99,0.0,60.58,0.0,0.0,80.0,70.0,77.5,63.41,67.5,2026-04-04
ART_063,WOS,US-Latin,11.99,0.0,60.58,0.0,0.0,80.0,70.0,77.5,63.41,67.5,2026-04-04
ART_064,El Alfa,MX,11.98,0.0,60.87,0.0,0.0,70.0,65.0,87.5,69.28,72.5,2026-04-04
ART_064,El Alfa,CO,11.98,0.0,60.87,0.0,0.0,70.0,65.0,87.5,69.28,72.5,2026-04-04
ART_064,El Alfa,AR,11.98,0.0,60.87,0.0,0.0,70.0,65.0,87.5,69.28,72.5,2026-04-04
ART_064,El Alfa,BR,11.98,0.0,60.87,0.0,0.0,70.0,65.0,87.5,69.28,72.5,2026-04-04
ART_064,El Alfa,ES,11.98,0.0,60.87,0.0,0.0,70.0,65.0,87.5,69.28,72.5,2026-04-04
ART_064,El Alfa,CL,11.98,0.0,60.87,0.0,0.0,70.0,65.0,87.5,69.28,72.5,2026-04-04
ART_064,El Alfa,PE,11.98,0.0,60.87,0.0,0.0,70.0,65.0,87.5,69.28,72.5,2026-04-04
ART_064,El Alfa,US-Latin,11.98,0.0,60.87,0.0,0.0,70.0,65.0,87.5,69.28,72.5,2026-04-04
ART_065,Lunay,MX,11.25,0.0,20.0,0.0,0.0,42.5,48.0,46.5,43.45,47.5,2026-04-04
ART_065,Lunay,CO,11.25,0.0,20.0,0.0,0.0,42.5,48.0,46.5,43.45,47.5,2026-04-04
ART_065,Lunay,AR,11.25,0.0,20.0,0.0,0.0,42.5,48.0,46.5,43.45,47.5,2026-04-04
ART_065,Lunay,BR,11.25,0.0,20.0,0.0,0.0,42.5,48.0,46.5,43.45,47.5,2026-04-04
ART_065,Lunay,ES,11.25,0.0,20.0,0.0,0.0,42.5,48.0,46.5,43.45,47.5,2026-04-04
ART_065,Lunay,CL,11.25,0.0,20.0,0.0,0.0,42.5,48.0,46.5,43.45,47.5,2026-04-04
ART_065,Lunay,PE,11.25,0.0,20.0,0.0,0.0,42.5,48.0,46.5,43.45,47.5,2026-04-04
ART_065,Lunay,US-Latin,11.25,0.0,20.0,0.0,0.0,42.5,48.0,46.5,43.45,47.5,2026-04-04
ART_066,Jay Wheeler,MX,13.47,0.0,60.58,0.0,0.0,72.5,70.0,72.0,67.15,72.5,2026-04-04
ART_066,Jay Wheeler,CO,13.47,0.0,60.58,0.0,0.0,72.5,70.0,72.0,67.15,72.5,2026-04-04
ART_066,Jay Wheeler,AR,13.47,0.0,60.58,0.0,0.0,72.5,70.0,72.0,67.15,72.5,2026-04-04
ART_066,Jay Wheeler,BR,13.47,0.0,60.58,0.0,0.0,72.5,70.0,72.0,67.15,72.5,2026-04-04
ART_066,Jay Wheeler,ES,13.47,0.0,60.58,0.0,0.0,72.5,70.0,72.0,67.15,72.5,2026-04-04
ART_066,Jay Wheeler,CL,13.47,0.0,60.58,0.0,0.0,72.5,70.0,72.0,67.15,72.5,2026-04-04
ART_066,Jay Wheeler,PE,13.47,0.0,60.58,0.0,0.0,72.5,70.0,72.0,67.15,72.5,2026-04-04
ART_066,Jay Wheeler,US-Latin,13.47,0.0,60.58,0.0,0.0,72.5,70.0,72.0,67.15,72.5,2026-04-04
ART_067,Bryant Myers,MX,12.53,0.0,60.29,14.92,0.0,72.5,66.5,85.0,68.12,57.5,2026-04-04
ART_067,Bryant Myers,CO,12.53,0.0,60.29,14.92,0.0,72.5,66.5,85.0,68.12,57.5,2026-04-04
ART_067,Bryant Myers,AR,12.53,0.0,60.29,14.92,0.0,72.5,66.5,85.0,68.12,57.5,2026-04-04
ART_067,Bryant Myers,BR,12.53,0.0,60.29,14.92,0.0,72.5,66.5,85.0,68.12,57.5,2026-04-04
ART_067,Bryant Myers,ES,12.53,0.0,60.29,14.92,0.0,72.5,66.5,85.0,68.12,57.5,2026-04-04
ART_067,Bryant Myers,CL,12.53,0.0,60.29,14.92,0.0,72.5,66.5,85.0,68.12,57.5,2026-04-04
ART_067,Bryant Myers,PE,12.53,0.0,60.29,14.92,0.0,72.5,66.5,85.0,68.12,57.5,2026-04-04
ART_067,Bryant Myers,US-Latin,12.53,0.0,60.29,14.92,0.0,72.5,66.5,85.0,68.12,57.5,2026-04-04
ART_068,Alex Rose,MX,12.01,0.0,60.0,17.23,0.0,41.77,49.0,46.0,45.93,47.5,2026-04-04
ART_068,Alex Rose,CO,12.01,0.0,60.0,17.23,0.0,41.77,49.0,46.0,45.93,47.5,2026-04-04
ART_068,Alex Rose,AR,12.01,0.0,60.0,17.23,0.0,41.77,49.0,46.0,45.93,47.5,2026-04-04
ART_068,Alex Rose,BR,12.01,0.0,60.0,17.23,0.0,41.77,49.0,46.0,45.93,47.5,2026-04-04
ART_068,Alex Rose,ES,12.01,0.0,60.0,17.23,0.0,41.77,49.0,46.0,45.93,47.5,2026-04-04
ART_068,Alex Rose,CL,12.01,0.0,60.0,17.23,0.0,41.77,49.0,46.0,45.93,47.5,2026-04-04
ART_068,Alex Rose,PE,12.01,0.0,60.0,17.23,0.0,41.77,49.0,46.0,45.93,47.5,2026-04-04
ART_068,Alex Rose,US-Latin,12.01,0.0,60.0,17.23,0.0,41.77,49.0,46.0,45.93,47.5,2026-04-04
ART_069,Dalex,MX,13.72,0.0,60.58,0.0,0.0,42.5,48.0,47.0,38.1,47.5,2026-04-04
ART_069,Dalex,CO,13.72,0.0,60.58,0.0,0.0,42.5,48.0,47.0,38.1,47.5,2026-04-04
ART_069,Dalex,AR,13.72,0.0,60.58,0.0,0.0,42.5,48.0,47.0,38.1,47.5,2026-04-04
ART_069,Dalex,BR,13.72,0.0,60.58,0.0,0.0,42.5,48.0,47.0,38.1,47.5,2026-04-04
ART_069,Dalex,ES,13.72,0.0,60.58,0.0,0.0,42.5,48.0,47.0,38.1,47.5,2026-04-04
ART_069,Dalex,CL,13.72,0.0,60.58,0.0,0.0,42.5,48.0,47.0,38.1,47.5,2026-04-04
ART_069,Dalex,PE,13.72,0.0,60.58,0.0,0.0,42.5,48.0,47.0,38.1,47.5,2026-04-04
ART_069,Dalex,US-Latin,13.72,0.0,60.58,0.0,0.0,42.5,48.0,47.0,38.1,47.5,2026-04-04
ART_070,Zion & Lennox,MX,13.38,0.0,60.0,0.0,0.0,38.9,49.0,43.5,36.71,47.5,2026-04-04
ART_070,Zion & Lennox,CO,13.38,0.0,60.0,0.0,0.0,38.9,49.0,43.5,36.71,47.5,2026-04-04
ART_070,Zion & Lennox,AR,13.38,0.0,60.0,0.0,0.0,38.9,49.0,43.5,36.71,47.5,2026-04-04
ART_070,Zion & Lennox,BR,13.38,0.0,60.0,0.0,0.0,38.9,49.0,43.5,36.71,47.5,2026-04-04
ART_070,Zion & Lennox,ES,13.38,0.0,60.0,0.0,0.0,38.9,49.0,43.5,36.71,47.5,2026-04-04
ART_070,Zion & Lennox,CL,13.38,0.0,60.0,0.0,0.0,38.9,49.0,43.5,36.71,47.5,2026-04-04
ART_070,Zion & Lennox,PE,13.38,0.0,60.0,0.0,0.0,38.9,49.0,43.5,36.71,47.5,2026-04-04
ART_070,Zion & Lennox,US-Latin,13.38,0.0,60.0,0.0,0.0,38.9,49.0,43.5,36.71,47.5,2026-04-04
ART_071,Nicky Jam,MX,11.55,0.0,60.58,0.0,0.0,36.88,47.17,46.17,47.5,47.5,2026-04-04
ART_071,Nicky Jam,CO,11.55,0.0,60.58,0.0,0.0,36.88,47.17,46.17,47.5,47.5,2026-04-04
ART_071,Nicky Jam,AR,11.55,0.0,60.58,0.0,0.0,36.88,47.17,46.17,47.5,47.5,2026-04-04
ART_071,Nicky Jam,BR,11.55,0.0,60.58,0.0,0.0,36.88,47.17,46.17,47.5,47.5,2026-04-04
ART_071,Nicky Jam,ES,11.55,0.0,60.58,0.0,0.0,36.88,47.17,46.17,47.5,47.5,2026-04-04
ART_071,Nicky Jam,CL,11.55,0.0,60.58,0.0,0.0,36.88,47.17,46.17,47.5,47.5,2026-04-04
ART_071,Nicky Jam,PE,11.55,0.0,60.58,0.0,0.0,36.88,47.17,46.17,47.5,47.5,2026-04-04
ART_071,Nicky Jam,US-Latin,11.55,0.0,60.58,0.0,0.0,36.88,47.17,46.17,47.5,47.5,2026-04-04
ART_072,Don Omar,MX,11.49,0.0,60.0,0.0,0.0,40.2,48.5,46.5,42.42,47.5,2026-04-04
ART_072,Don Omar,CO,11.49,0.0,60.0,0.0,0.0,40.2,48.5,46.5,42.42,47.5,2026-04-04
ART_072,Don Omar,AR,11.49,0.0,60.0,0.0,0.0,40.2,48.5,46.5,42.42,47.5,2026-04-04
ART_072,Don Omar,BR,11.49,0.0,60.0,0.0,0.0,40.2,48.5,46.5,42.42,47.5,2026-04-04
ART_072,Don Omar,ES,11.49,0.0,60.0,0.0,0.0,40.2,48.5,46.5,42.42,47.5,2026-04-04
ART_072,Don Omar,CL,11.49,0.0,60.0,0.0,0.0,40.2,48.5,46.5,42.42,47.5,2026-04-04
ART_072,Don Omar,PE,11.49,0.0,60.0,0.0,0.0,40.2,48.5,46.5,42.42,47.5,2026-04-04
ART_072,Don Omar,US-Latin,11.49,0.0,60.0,0.0,0.0,40.2,48.5,46.5,42.42,47.5,2026-04-04
ART_073,Chencho Corleone,MX,13.19,0.0,60.87,0.0,0.0,72.5,78.0,77.0,72.5,57.5,2026-04-04
ART_073,Chencho Corleone,CO,13.19,0.0,60.87,0.0,0.0,72.5,78.0,77.0,72.5,57.5,2026-04-04
ART_073,Chencho Corleone,AR,13.19,0.0,60.87,0.0,0.0,72.5,78.0,77.0,72.5,57.5,2026-04-04
ART_073,Chencho Corleone,BR,13.19,0.0,60.87,0.0,0.0,72.5,78.0,77.0,72.5,57.5,2026-04-04
ART_073,Chencho Corleone,ES,13.19,0.0,60.87,0.0,0.0,72.5,78.0,77.0,72.5,57.5,2026-04-04
ART_073,Chencho Corleone,CL,13.19,0.0,60.87,0.0,0.0,72.5,78.0,77.0,72.5,57.5,2026-04-04
ART_073,Chencho Corleone,PE,13.19,0.0,60.87,0.0,0.0,72.5,78.0,77.0,72.5,57.5,2026-04-04
ART_073,Chencho Corleone,US-Latin,13.19,0.0,60.87,0.0,0.0,72.5,78.0,77.0,72.5,57.5,2026-04-04
ART_074,Jhayco,MX,11.17,0.0,20.77,0.0,0.0,71.8,70.0,69.0,72.5,72.5,2026-04-04
ART_074,Jhayco,CO,11.17,0.0,20.77,0.0,0.0,71.8,70.0,69.0,72.5,72.5,2026-04-04
ART_074,Jhayco,AR,11.17,0.0,20.77,0.0,0.0,71.8,70.0,69.0,72.5,72.5,2026-04-04
ART_074,Jhayco,BR,11.17,0.0,20.77,0.0,0.0,71.8,70.0,69.0,72.5,72.5,2026-04-04
ART_074,Jhayco,ES,11.17,0.0,20.77,0.0,0.0,71.8,70.0,69.0,72.5,72.5,2026-04-04
ART_074,Jhayco,CL,11.17,0.0,20.77,0.0,0.0,71.8,70.0,69.0,72.5,72.5,2026-04-04
ART_074,Jhayco,PE,11.17,0.0,20.77,0.0,0.0,71.8,70.0,69.0,72.5,72.5,2026-04-04
ART_074,Jhayco,US-Latin,11.17,0.0,20.77,0.0,0.0,71.8,70.0,69.0,72.5,72.5,2026-04-04
ART_075,Bad Gyal,MX,12.22,0.0,60.58,0.0,0.0,72.5,66.5,78.5,71.04,72.5,2026-04-04
ART_075,Bad Gyal,CO,12.22,0.0,60.58,0.0,0.0,72.5,66.5,78.5,71.04,72.5,2026-04-04
ART_075,Bad Gyal,AR,12.22,0.0,60.58,0.0,0.0,72.5,66.5,78.5,71.04,72.5,2026-04-04
ART_075,Bad Gyal,BR,12.22,0.0,60.58,0.0,0.0,72.5,66.5,78.5,71.04,72.5,2026-04-04
ART_075,Bad Gyal,ES,12.22,0.0,60.58,0.0,0.0,72.5,66.5,78.5,71.04,72.5,2026-04-04
ART_075,Bad Gyal,CL,12.22,0.0,60.58,0.0,0.0,72.5,66.5,78.5,71.04,72.5,2026-04-04
ART_075,Bad Gyal,PE,12.22,0.0,60.58,0.0,0.0,72.5,66.5,78.5,71.04,72.5,2026-04-04
ART_075,Bad Gyal,US-Latin,12.22,0.0,60.58,0.0,0.0,72.5,66.5,78.5,71.04,72.5,2026-04-04
ART_076,Residente,MX,13.35,0.0,60.87,0.0,0.0,80.0,70.0,77.5,67.67,67.5,2026-04-04
ART_076,Residente,CO,13.35,0.0,60.87,0.0,0.0,80.0,70.0,77.5,67.67,67.5,2026-04-04
ART_076,Residente,AR,13.35,0.0,60.87,0.0,0.0,80.0,70.0,77.5,67.67,67.5,2026-04-04
ART_076,Residente,BR,13.35,0.0,60.87,0.0,0.0,80.0,70.0,77.5,67.67,67.5,2026-04-04
ART_076,Residente,ES,13.35,0.0,60.87,0.0,0.0,80.0,70.0,77.5,67.67,67.5,2026-04-04
ART_076,Residente,CL,13.35,0.0,60.87,0.0,0.0,80.0,70.0,77.5,67.67,67.5,2026-04-04
ART_076,Residente,PE,13.35,0.0,60.87,0.0,0.0,80.0,70.0,77.5,67.67,67.5,2026-04-04
ART_076,Residente,US-Latin,13.35,0.0,60.87,0.0,0.0,80.0,70.0,77.5,67.67,67.5,2026-04-04
ART_077,Kali Uchis,MX,12.48,0.0,21.15,0.0,0.0,72.5,70.0,67.0,71.35,72.5,2026-04-04
ART_077,Kali Uchis,CO,12.48,0.0,21.15,0.0,0.0,72.5,70.0,67.0,71.35,72.5,2026-04-04
ART_077,Kali Uchis,AR,12.48,0.0,21.15,0.0,0.0,72.5,70.0,67.0,71.35,72.5,2026-04-04
ART_077,Kali Uchis,BR,12.48,0.0,21.15,0.0,0.0,72.5,70.0,67.0,71.35,72.5,2026-04-04
ART_077,Kali Uchis,ES,12.48,0.0,21.15,0.0,0.0,72.5,70.0,67.0,71.35,72.5,2026-04-04
ART_077,Kali Uchis,CL,12.48,0.0,21.15,0.0,0.0,72.5,70.0,67.0,71.35,72.5,2026-04-04
ART_077,Kali Uchis,PE,12.48,0.0,21.15,0.0,0.0,72.5,70.0,67.0,71.35,72.5,2026-04-04
ART_077,Kali Uchis,US-Latin,12.48,0.0,21.15,0.0,0.0,72.5,70.0,67.0,71.35,72.5,2026-04-04
ART_078,Shakira,MX,12.28,0.0,60.58,0.0,0.0,68.15,70.0,71.0,72.5,72.5,2026-04-04
ART_078,Shakira,CO,12.28,0.0,60.58,0.0,0.0,68.15,70.0,71.0,72.5,72.5,2026-04-04
ART_078,Shakira,AR,12.28,0.0,60.58,0.0,0.0,68.15,70.0,71.0,72.5,72.5,2026-04-04
ART_078,Shakira,BR,12.28,0.0,60.58,0.0,0.0,68.15,70.0,71.0,72.5,72.5,2026-04-04
ART_078,Shakira,ES,12.28,0.0,60.58,0.0,0.0,68.15,70.0,71.0,72.5,72.5,2026-04-04
ART_078,Shakira,CL,12.28,0.0,60.58,0.0,0.0,68.15,70.0,71.0,72.5,72.5,2026-04-04
ART_078,Shakira,PE,12.28,0.0,60.58,0.0,0.0,68.15,70.0,71.0,72.5,72.5,2026-04-04
ART_078,Shakira,US-Latin,12.28,0.0,60.58,0.0,0.0,68.15,70.0,71.0,72.5,72.5,2026-04-04
ART_079,Daddy Yankee,MX,12.57,0.0,21.15,0.0,0.0,42.5,50.0,44.0,47.5,47.5,2026-04-04
ART_079,Daddy Yankee,CO,12.57,0.0,21.15,0.0,0.0,42.5,50.0,44.0,47.5,47.5,2026-04-04
ART_079,Daddy Yankee,AR,12.57,0.0,21.15,0.0,0.0,42.5,50.0,44.0,47.5,47.5,2026-04-04
ART_079,Daddy Yankee,BR,12.57,0.0,21.15,0.0,0.0,42.5,50.0,44.0,47.5,47.5,2026-04-04
ART_079,Daddy Yankee,ES,12.57,0.0,21.15,0.0,0.0,42.5,50.0,44.0,47.5,47.5,2026-04-04
ART_079,Daddy Yankee,CL,12.57,0.0,21.15,0.0,0.0,42.5,50.0,44.0,47.5,47.5,2026-04-04
ART_079,Daddy Yankee,PE,12.57,0.0,21.15,0.0,0.0,42.5,50.0,44.0,47.5,47.5,2026-04-04
ART_079,Daddy Yankee,US-Latin,12.57,0.0,21.15,0.0,0.0,42.5,50.0,44.0,47.5,47.5,2026-04-04
ART_080,Grupo Menos É Mais,MX,11.09,0.0,20.0,0.0,0.0,37.5,45.0,65.0,42.48,47.5,2026-04-04
ART_080,Grupo Menos É Mais,CO,11.09,0.0,20.0,0.0,0.0,37.5,45.0,65.0,42.48,47.5,2026-04-04
ART_080,Grupo Menos É Mais,AR,11.09,0.0,20.0,0.0,0.0,37.5,45.0,65.0,42.48,47.5,2026-04-04
ART_080,Grupo Menos É Mais,BR,11.09,0.0,20.0,0.0,0.0,37.5,45.0,65.0,42.48,47.5,2026-04-04
ART_080,Grupo Menos É Mais,ES,11.09,0.0,20.0,0.0,0.0,37.5,45.0,65.0,42.48,47.5,2026-04-04
ART_080,Grupo Menos É Mais,CL,11.09,0.0,20.0,0.0,0.0,37.5,45.0,65.0,42.48,47.5,2026-04-04
ART_080,Grupo Menos É Mais,PE,11.09,0.0,20.0,0.0,0.0,37.5,45.0,65.0,42.48,47.5,2026-04-04
ART_080,Grupo Menos É Mais,US-Latin,11.09,0.0,20.0,0.0,0.0,37.5,45.0,65.0,42.48,47.5,2026-04-04
ART_081,Mc Jacaré,MX,12.3,0.0,60.58,0.0,0.0,67.5,65.0,95.0,65.17,72.5,2026-04-04
ART_081,Mc Jacaré,CO,12.3,0.0,60.58,0.0,0.0,67.5,65.0,95.0,65.17,72.5,2026-04-04
ART_081,Mc Jacaré,AR,12.3,0.0,60.58,0.0,0.0,67.5,65.0,95.0,65.17,72.5,2026-04-04
ART_081,Mc Jacaré,BR,12.3,0.0,60.58,0.0,0.0,67.5,65.0,95.0,65.17,72.5,2026-04-04
ART_081,Mc Jacaré,ES,12.3,0.0,60.58,0.0,0.0,67.5,65.0,95.0,65.17,72.5,2026-04-04
ART_081,Mc Jacaré,CL,12.3,0.0,60.58,0.0,0.0,67.5,65.0,95.0,65.17,72.5,2026-04-04
ART_081,Mc Jacaré,PE,12.3,0.0,60.58,0.0,0.0,67.5,65.0,95.0,65.17,72.5,2026-04-04
ART_081,Mc Jacaré,US-Latin,12.3,0.0,60.58,0.0,0.0,67.5,65.0,95.0,65.17,72.5,2026-04-04
ART_082,Panda,MX,12.53,0.0,21.15,0.0,0.0,37.5,47.5,62.5,47.5,47.5,2026-04-04
ART_082,Panda,CO,12.53,0.0,21.15,0.0,0.0,37.5,47.5,62.5,47.5,47.5,2026-04-04
ART_082,Panda,AR,12.53,0.0,21.15,0.0,0.0,37.5,47.5,62.5,47.5,47.5,2026-04-04
ART_082,Panda,BR,12.53,0.0,21.15,0.0,0.0,37.5,47.5,62.5,47.5,47.5,2026-04-04
ART_082,Panda,ES,12.53,0.0,21.15,0.0,0.0,37.5,47.5,62.5,47.5,47.5,2026-04-04
ART_082,Panda,CL,12.53,0.0,21.15,0.0,0.0,37.5,47.5,62.5,47.5,47.5,2026-04-04
ART_082,Panda,PE,12.53,0.0,21.15,0.0,0.0,37.5,47.5,62.5,47.5,47.5,2026-04-04
ART_082,Panda,US-Latin,12.53,0.0,21.15,0.0,0.0,37.5,47.5,62.5,47.5,47.5,2026-04-04
ART_083,Gusttavo Lima,MX,12.52,0.0,60.0,0.0,0.0,37.5,48.0,62.0,47.5,47.5,2026-04-04
ART_083,Gusttavo Lima,CO,12.52,0.0,60.0,0.0,0.0,37.5,48.0,62.0,47.5,47.5,2026-04-04
ART_083,Gusttavo Lima,AR,12.52,0.0,60.0,0.0,0.0,37.5,48.0,62.0,47.5,47.5,2026-04-04
ART_083,Gusttavo Lima,BR,12.52,0.0,60.0,0.0,0.0,37.5,48.0,62.0,47.5,47.5,2026-04-04
ART_083,Gusttavo Lima,ES,12.52,0.0,60.0,0.0,0.0,37.5,48.0,62.0,47.5,47.5,2026-04-04
ART_083,Gusttavo Lima,CL,12.52,0.0,60.0,0.0,0.0,37.5,48.0,62.0,47.5,47.5,2026-04-04
ART_083,Gusttavo Lima,PE,12.52,0.0,60.0,0.0,0.0,37.5,48.0,62.0,47.5,47.5,2026-04-04
ART_083,Gusttavo Lima,US-Latin,12.52,0.0,60.0,0.0,0.0,37.5,48.0,62.0,47.5,47.5,2026-04-04
ART_084,SIMONE MENDES,MX,13.8,0.0,60.87,0.0,0.0,37.5,47.5,62.0,47.5,47.5,2026-04-04
ART_084,SIMONE MENDES,CO,13.8,0.0,60.87,0.0,0.0,37.5,47.5,62.0,47.5,47.5,2026-04-04
ART_084,SIMONE MENDES,AR,13.8,0.0,60.87,0.0,0.0,37.5,47.5,62.0,47.5,47.5,2026-04-04
ART_084,SIMONE MENDES,BR,13.8,0.0,60.87,0.0,0.0,37.5,47.5,62.0,47.5,47.5,2026-04-04
ART_084,SIMONE MENDES,ES,13.8,0.0,60.87,0.0,0.0,37.5,47.5,62.0,47.5,47.5,2026-04-04
ART_084,SIMONE MENDES,CL,13.8,0.0,60.87,0.0,0.0,37.5,47.5,62.0,47.5,47.5,2026-04-04
ART_084,SIMONE MENDES,PE,13.8,0.0,60.87,0.0,0.0,37.5,47.5,62.0,47.5,47.5,2026-04-04
ART_084,SIMONE MENDES,US-Latin,13.8,0.0,60.87,0.0,0.0,37.5,47.5,62.0,47.5,47.5,2026-04-04
ART_085,Nigga,MX,13.04,0.0,21.15,0.0,0.0,42.5,47.5,46.0,39.87,47.5,2026-04-04
ART_085,Nigga,CO,13.04,0.0,21.15,0.0,0.0,42.5,47.5,46.0,39.87,47.5,2026-04-04
ART_085,Nigga,AR,13.04,0.0,21.15,0.0,0.0,42.5,47.5,46.0,39.87,47.5,2026-04-04
ART_085,Nigga,BR,13.04,0.0,21.15,0.0,0.0,42.5,47.5,46.0,39.87,47.5,2026-04-04
ART_085,Nigga,ES,13.04,0.0,21.15,0.0,0.0,42.5,47.5,46.0,39.87,47.5,2026-04-04
ART_085,Nigga,CL,13.04,0.0,21.15,0.0,0.0,42.5,47.5,46.0,39.87,47.5,2026-04-04
ART_085,Nigga,PE,13.04,0.0,21.15,0.0,0.0,42.5,47.5,46.0,39.87,47.5,2026-04-04
ART_085,Nigga,US-Latin,13.04,0.0,21.15,0.0,0.0,42.5,47.5,46.0,39.87,47.5,2026-04-04
ART_086,Lenny Tavárez,MX,12.56,0.0,60.58,0.0,0.0,42.5,50.0,43.5,36.85,47.5,2026-04-04
ART_086,Lenny Tavárez,CO,12.56,0.0,60.58,0.0,0.0,42.5,50.0,43.5,36.85,47.5,2026-04-04
ART_086,Lenny Tavárez,AR,12.56,0.0,60.58,0.0,0.0,42.5,50.0,43.5,36.85,47.5,2026-04-04
ART_086,Lenny Tavárez,BR,12.56,0.0,60.58,0.0,0.0,42.5,50.0,43.5,36.85,47.5,2026-04-04
ART_086,Lenny Tavárez,ES,12.56,0.0,60.58,0.0,0.0,42.5,50.0,43.5,36.85,47.5,2026-04-04
ART_086,Lenny Tavárez,CL,12.56,0.0,60.58,0.0,0.0,42.5,50.0,43.5,36.85,47.5,2026-04-04
ART_086,Lenny Tavárez,PE,12.56,0.0,60.58,0.0,0.0,42.5,50.0,43.5,36.85,47.5,2026-04-04
ART_086,Lenny Tavárez,US-Latin,12.56,0.0,60.58,0.0,0.0,42.5,50.0,43.5,36.85,47.5,2026-04-04
ART_087,Paulo Londra,MX,13.11,0.0,60.58,0.0,0.0,69.12,70.0,71.0,66.39,72.5,2026-04-04
ART_087,Paulo Londra,CO,13.11,0.0,60.58,0.0,0.0,69.12,70.0,71.0,66.39,72.5,2026-04-04
ART_087,Paulo Londra,AR,13.11,0.0,60.58,0.0,0.0,69.12,70.0,71.0,66.39,72.5,2026-04-04
ART_087,Paulo Londra,BR,13.11,0.0,60.58,0.0,0.0,69.12,70.0,71.0,66.39,72.5,2026-04-04
ART_087,Paulo Londra,ES,13.11,0.0,60.58,0.0,0.0,69.12,70.0,71.0,66.39,72.5,2026-04-04
ART_087,Paulo Londra,CL,13.11,0.0,60.58,0.0,0.0,69.12,70.0,71.0,66.39,72.5,2026-04-04
ART_087,Paulo Londra,PE,13.11,0.0,60.58,0.0,0.0,69.12,70.0,71.0,66.39,72.5,2026-04-04
ART_087,Paulo Londra,US-Latin,13.11,0.0,60.58,0.0,0.0,69.12,70.0,71.0,66.39,72.5,2026-04-04
ART_088,Trueno,MX,12.25,0.0,21.15,0.0,0.0,72.5,70.0,67.0,68.6,72.5,2026-04-04
ART_088,Trueno,CO,12.25,0.0,21.15,0.0,0.0,72.5,70.0,67.0,68.6,72.5,2026-04-04
ART_088,Trueno,AR,12.25,0.0,21.15,0.0,0.0,72.5,70.0,67.0,68.6,72.5,2026-04-04
ART_088,Trueno,BR,12.25,0.0,21.15,0.0,0.0,72.5,70.0,67.0,68.6,72.5,2026-04-04
ART_088,Trueno,ES,12.25,0.0,21.15,0.0,0.0,72.5,70.0,67.0,68.6,72.5,2026-04-04
ART_088,Trueno,CL,12.25,0.0,21.15,0.0,0.0,72.5,70.0,67.0,68.6,72.5,2026-04-04
ART_088,Trueno,PE,12.25,0.0,21.15,0.0,0.0,72.5,70.0,67.0,68.6,72.5,2026-04-04
ART_088,Trueno,US-Latin,12.25,0.0,21.15,0.0,0.0,72.5,70.0,67.0,68.6,72.5,2026-04-04
ART_089,C. Tangana,MX,13.09,0.0,60.58,0.0,0.0,42.5,50.0,40.5,45.71,47.5,2026-04-04
ART_089,C. Tangana,CO,13.09,0.0,60.58,0.0,0.0,42.5,50.0,40.5,45.71,47.5,2026-04-04
ART_089,C. Tangana,AR,13.09,0.0,60.58,0.0,0.0,42.5,50.0,40.5,45.71,47.5,2026-04-04
ART_089,C. Tangana,BR,13.09,0.0,60.58,0.0,0.0,42.5,50.0,40.5,45.71,47.5,2026-04-04
ART_089,C. Tangana,ES,13.09,0.0,60.58,0.0,0.0,42.5,50.0,40.5,45.71,47.5,2026-04-04
ART_089,C. Tangana,CL,13.09,0.0,60.58,0.0,0.0,42.5,50.0,40.5,45.71,47.5,2026-04-04
ART_089,C. Tangana,PE,13.09,0.0,60.58,0.0,0.0,42.5,50.0,40.5,45.71,47.5,2026-04-04
ART_089,C. Tangana,US-Latin,13.09,0.0,60.58,0.0,0.0,42.5,50.0,40.5,45.71,47.5,2026-04-04
ART_090,Duki,MX,12.9,0.0,60.58,0.0,0.0,72.5,70.0,72.5,72.5,72.5,2026-04-04
ART_090,Duki,CO,12.9,0.0,60.58,0.0,0.0,72.5,70.0,72.5,72.5,72.5,2026-04-04
ART_090,Duki,AR,12.9,0.0,60.58,0.0,0.0,72.5,70.0,72.5,72.5,72.5,2026-04-04
ART_090,Duki,BR,12.9,0.0,60.58,0.0,0.0,72.5,70.0,72.5,72.5,72.5,2026-04-04
ART_090,Duki,ES,12.9,0.0,60.58,0.0,0.0,72.5,70.0,72.5,72.5,72.5,2026-04-04
ART_090,Duki,CL,12.9,0.0,60.58,0.0,0.0,72.5,70.0,72.5,72.5,72.5,2026-04-04
ART_090,Duki,PE,12.9,0.0,60.58,0.0,0.0,72.5,70.0,72.5,72.5,72.5,2026-04-04
ART_090,Duki,US-Latin,12.9,0.0,60.58,0.0,0.0,72.5,70.0,72.5,72.5,72.5,2026-04-04
ART_091,María Becerra,MX,12.97,0.0,60.0,0.0,0.0,42.5,50.0,45.0,47.5,47.5,2026-04-04
ART_091,María Becerra,CO,12.97,0.0,60.0,0.0,0.0,42.5,50.0,45.0,47.5,47.5,2026-04-04
ART_091,María Becerra,AR,12.97,0.0,60.0,0.0,0.0,42.5,50.0,45.0,47.5,47.5,2026-04-04
ART_091,María Becerra,BR,12.97,0.0,60.0,0.0,0.0,42.5,50.0,45.0,47.5,47.5,2026-04-04
ART_091,María Becerra,ES,12.97,0.0,60.0,0.0,0.0,42.5,50.0,45.0,47.5,47.5,2026-04-04
ART_091,María Becerra,CL,12.97,0.0,60.0,0.0,0.0,42.5,50.0,45.0,47.5,47.5,2026-04-04
ART_091,María Becerra,PE,12.97,0.0,60.0,0.0,0.0,42.5,50.0,45.0,47.5,47.5,2026-04-04
ART_091,María Becerra,US-Latin,12.97,0.0,60.0,0.0,0.0,42.5,50.0,45.0,47.5,47.5,2026-04-04
ART_092,TINI,MX,11.92,0.0,60.29,0.0,0.0,70.8,70.0,70.5,72.5,72.5,2026-04-04
ART_092,TINI,CO,11.92,0.0,60.29,0.0,0.0,70.8,70.0,70.5,72.5,72.5,2026-04-04
ART_092,TINI,AR,34.58,100.0,60.29,0.0,0.0,70.8,70.0,70.5,72.5,72.5,2026-04-04
ART_092,TINI,BR,11.92,0.0,60.29,0.0,0.0,70.8,70.0,70.5,72.5,72.5,2026-04-04
ART_092,TINI,ES,11.92,0.0,60.29,0.0,0.0,70.8,70.0,70.5,72.5,72.5,2026-04-04
ART_092,TINI,CL,11.92,0.0,60.29,0.0,0.0,70.8,70.0,70.5,72.5,72.5,2026-04-04
ART_092,TINI,PE,11.92,0.0,60.29,0.0,0.0,70.8,70.0,70.5,72.5,72.5,2026-04-04
ART_092,TINI,US-Latin,11.92,0.0,60.29,0.0,0.0,70.8,70.0,70.5,72.5,72.5,2026-04-04
ART_093,Maldy,MX,11.64,0.0,60.29,0.0,0.0,42.5,48.0,47.0,35.99,47.5,2026-04-04
ART_093,Maldy,CO,11.64,0.0,60.29,0.0,0.0,42.5,48.0,47.0,35.99,47.5,2026-04-04
ART_093,Maldy,AR,11.64,0.0,60.29,0.0,0.0,42.5,48.0,47.0,35.99,47.5,2026-04-04
ART_093,Maldy,BR,11.64,0.0,60.29,0.0,0.0,42.5,48.0,47.0,35.99,47.5,2026-04-04
ART_093,Maldy,ES,11.64,0.0,60.29,0.0,0.0,42.5,48.0,47.0,35.99,47.5,2026-04-04
ART_093,Maldy,CL,11.64,0.0,60.29,0.0,0.0,42.5,48.0,47.0,35.99,47.5,2026-04-04
ART_093,Maldy,PE,11.64,0.0,60.29,0.0,0.0,42.5,48.0,47.0,35.99,47.5,2026-04-04
ART_093,Maldy,US-Latin,11.64,0.0,60.29,0.0,0.0,42.5,48.0,47.0,35.99,47.5,2026-04-04
ART_094,Dimelo Flow,MX,13.28,0.0,20.0,0.0,0.0,42.5,49.5,43.5,40.61,47.5,2026-04-04
ART_094,Dimelo Flow,CO,13.28,0.0,20.0,0.0,0.0,42.5,49.5,43.5,40.61,47.5,2026-04-04
ART_094,Dimelo Flow,AR,13.28,0.0,20.0,0.0,0.0,42.5,49.5,43.5,40.61,47.5,2026-04-04
ART_094,Dimelo Flow,BR,13.28,0.0,20.0,0.0,0.0,42.5,49.5,43.5,40.61,47.5,2026-04-04
ART_094,Dimelo Flow,ES,13.28,0.0,20.0,0.0,0.0,42.5,49.5,43.5,40.61,47.5,2026-04-04
ART_094,Dimelo Flow,CL,13.28,0.0,20.0,0.0,0.0,42.5,49.5,43.5,40.61,47.5,2026-04-04
ART_094,Dimelo Flow,PE,13.28,0.0,20.0,0.0,0.0,42.5,49.5,43.5,40.61,47.5,2026-04-04
ART_094,Dimelo Flow,US-Latin,13.28,0.0,20.0,0.0,0.0,42.5,49.5,43.5,40.61,47.5,2026-04-04
ART_095,Jhon Álex Castaño,MX,12.21,0.0,20.0,0.0,0.0,77.5,70.0,85.0,61.69,67.5,2026-04-04
ART_095,Jhon Álex Castaño,CO,12.21,0.0,20.0,0.0,0.0,77.5,70.0,85.0,61.69,67.5,2026-04-04
ART_095,Jhon Álex Castaño,AR,12.21,0.0,20.0,0.0,0.0,77.5,70.0,85.0,61.69,67.5,2026-04-04
ART_095,Jhon Álex Castaño,BR,12.21,0.0,20.0,0.0,0.0,77.5,70.0,85.0,61.69,67.5,2026-04-04
ART_095,Jhon Álex Castaño,ES,12.21,0.0,20.0,0.0,0.0,77.5,70.0,85.0,61.69,67.5,2026-04-04
ART_095,Jhon Álex Castaño,CL,12.21,0.0,20.0,0.0,0.0,77.5,70.0,85.0,61.69,67.5,2026-04-04
ART_095,Jhon Álex Castaño,PE,12.21,0.0,20.0,0.0,0.0,77.5,70.0,85.0,61.69,67.5,2026-04-04
ART_095,Jhon Álex Castaño,US-Latin,12.21,0.0,20.0,0.0,0.0,77.5,70.0,85.0,61.69,67.5,2026-04-04
ART_096,Chuyin,MX,33.47,100.0,60.87,0.0,0.0,37.5,37.5,70.0,44.98,47.5,2026-04-04
ART_096,Chuyin,CO,11.41,0.0,60.87,0.0,0.0,37.5,37.5,70.0,44.98,47.5,2026-04-04
ART_096,Chuyin,AR,11.41,0.0,60.87,0.0,0.0,37.5,37.5,70.0,44.98,47.5,2026-04-04
ART_096,Chuyin,BR,11.41,0.0,60.87,0.0,0.0,37.5,37.5,70.0,44.98,47.5,2026-04-04
ART_096,Chuyin,ES,11.41,0.0,60.87,0.0,0.0,37.5,37.5,70.0,44.98,47.5,2026-04-04
ART_096,Chuyin,CL,11.41,0.0,60.87,0.0,0.0,37.5,37.5,70.0,44.98,47.5,2026-04-04
ART_096,Chuyin,PE,11.41,0.0,60.87,0.0,0.0,37.5,37.5,70.0,44.98,47.5,2026-04-04
ART_096,Chuyin,US-Latin,11.41,0.0,60.87,0.0,0.0,37.5,37.5,70.0,44.98,47.5,2026-04-04
ART_097,Angel Almaguer,MX,11.06,0.0,21.15,0.0,0.0,37.5,37.0,70.0,39.48,47.5,2026-04-04
ART_097,Angel Almaguer,CO,11.06,0.0,21.15,0.0,0.0,37.5,37.0,70.0,39.48,47.5,2026-04-04
ART_097,Angel Almaguer,AR,11.06,0.0,21.15,0.0,0.0,37.5,37.0,70.0,39.48,47.5,2026-04-04
ART_097,Angel Almaguer,BR,11.06,0.0,21.15,0.0,0.0,37.5,37.0,70.0,39.48,47.5,2026-04-04
ART_097,Angel Almaguer,ES,11.06,0.0,21.15,0.0,0.0,37.5,37.0,70.0,39.48,47.5,2026-04-04
ART_097,Angel Almaguer,CL,11.06,0.0,21.15,0.0,0.0,37.5,37.0,70.0,39.48,47.5,2026-04-04
ART_097,Angel Almaguer,PE,11.06,0.0,21.15,0.0,0.0,37.5,37.0,70.0,39.48,47.5,2026-04-04
ART_097,Angel Almaguer,US-Latin,11.06,0.0,21.15,0.0,0.0,37.5,37.0,70.0,39.48,47.5,2026-04-04
ART_098,Victor Mendivil,MX,11.36,0.0,20.77,0.0,0.0,37.5,38.5,70.0,45.42,47.5,2026-04-04
ART_098,Victor Mendivil,CO,11.36,0.0,20.77,0.0,0.0,37.5,38.5,70.0,45.42,47.5,2026-04-04
ART_098,Victor Mendivil,AR,11.36,0.0,20.77,0.0,0.0,37.5,38.5,70.0,45.42,47.5,2026-04-04
ART_098,Victor Mendivil,BR,11.36,0.0,20.77,0.0,0.0,37.5,38.5,70.0,45.42,47.5,2026-04-04
ART_098,Victor Mendivil,ES,11.36,0.0,20.77,0.0,0.0,37.5,38.5,70.0,45.42,47.5,2026-04-04
ART_098,Victor Mendivil,CL,11.36,0.0,20.77,0.0,0.0,37.5,38.5,70.0,45.42,47.5,2026-04-04
ART_098,Victor Mendivil,PE,11.36,0.0,20.77,0.0,0.0,37.5,38.5,70.0,45.42,47.5,2026-04-04
ART_098,Victor Mendivil,US-Latin,11.36,0.0,20.77,0.0,0.0,37.5,38.5,70.0,45.42,47.5,2026-04-04
ART_099,Corina Smith,MX,12.75,0.0,20.0,0.0,0.0,42.5,50.0,44.5,37.63,47.5,2026-04-04
ART_099,Corina Smith,CO,12.75,0.0,20.0,0.0,0.0,42.5,50.0,44.5,37.63,47.5,2026-04-04
ART_099,Corina Smith,AR,12.75,0.0,20.0,0.0,0.0,42.5,50.0,44.5,37.63,47.5,2026-04-04
ART_099,Corina Smith,BR,12.75,0.0,20.0,0.0,0.0,42.5,50.0,44.5,37.63,47.5,2026-04-04
ART_099,Corina Smith,ES,12.75,0.0,20.0,0.0,0.0,42.5,50.0,44.5,37.63,47.5,2026-04-04
ART_099,Corina Smith,CL,12.75,0.0,20.0,0.0,0.0,42.5,50.0,44.5,37.63,47.5,2026-04-04
ART_099,Corina Smith,PE,12.75,0.0,20.0,0.0,0.0,42.5,50.0,44.5,37.63,47.5,2026-04-04
ART_099,Corina Smith,US-Latin,12.75,0.0,20.0,0.0,0.0,42.5,50.0,44.5,37.63,47.5,2026-04-04
ART_100,Paloma Mami,MX,11.93,0.0,20.38,0.0,0.0,42.5,50.0,40.0,38.7,47.5,2026-04-04
ART_100,Paloma Mami,CO,11.93,0.0,20.38,0.0,0.0,42.5,50.0,40.0,38.7,47.5,2026-04-04
ART_100,Paloma Mami,AR,11.93,0.0,20.38,0.0,0.0,42.5,50.0,40.0,38.7,47.5,2026-04-04
ART_100,Paloma Mami,BR,11.93,0.0,20.38,0.0,0.0,42.5,50.0,40.0,38.7,47.5,2026-04-04
ART_100,Paloma Mami,ES,11.93,0.0,20.38,0.0,0.0,42.5,50.0,40.0,38.7,47.5,2026-04-04
ART_100,Paloma Mami,CL,11.93,0.0,20.38,0.0,0.0,42.5,50.0,40.0,38.7,47.5,2026-04-04
ART_100,Paloma Mami,PE,11.93,0.0,20.38,0.0,0.0,42.5,50.0,40.0,38.7,47.5,2026-04-04
ART_100,Paloma Mami,US-Latin,11.93,0.0,20.38,0.0,0.0,42.5,50.0,40.0,38.7,47.5,2026-04-04
